DATE,CPI,exchange_rate,gsec_int_rates,t_int_rates,LTg_yields,M0,M1,M2,M3,total_reserves,Ex_Im
01-Dec-50, NaN , NaN , NaN , NaN , NaN , NaN , NaN , NaN , NaN ,0.26, NaN 
01-Jan-51, NaN , NaN , NaN , NaN , NaN , NaN , NaN , NaN , NaN , NaN , NaN 
01-Feb-51, NaN , NaN , NaN , NaN , NaN , NaN , NaN , NaN , NaN , NaN , NaN 
01-Mar-51, NaN , NaN , NaN , NaN , NaN , NaN , NaN , NaN , NaN , NaN , NaN 
01-Apr-51, NaN , NaN , NaN , NaN , NaN , NaN , NaN , NaN , NaN , NaN , NaN 
01-May-51, NaN , NaN , NaN , NaN , NaN , NaN , NaN , NaN , NaN , NaN , NaN 
01-Jun-51, NaN , NaN , NaN , NaN , NaN , NaN , NaN , NaN , NaN , NaN , NaN 
01-Jul-51, NaN , NaN , NaN , NaN , NaN , NaN , NaN , NaN , NaN , NaN , NaN 
01-Aug-51, NaN , NaN , NaN , NaN , NaN , NaN , NaN , NaN , NaN , NaN , NaN 
01-Sep-51, NaN , NaN , NaN , NaN , NaN , NaN , NaN , NaN , NaN , NaN , NaN 
01-Oct-51, NaN , NaN , NaN , NaN , NaN , NaN , NaN , NaN , NaN , NaN , NaN 
01-Nov-51, NaN , NaN , NaN , NaN , NaN , NaN , NaN , NaN , NaN , NaN , NaN 
01-Dec-51, NaN , NaN , NaN , NaN , NaN , NaN , NaN , NaN , NaN ,0.22, NaN 
01-Jan-52, NaN , NaN , NaN , NaN , NaN , NaN , NaN , NaN , NaN , NaN , NaN 
01-Feb-52, NaN , NaN , NaN , NaN , NaN , NaN , NaN , NaN , NaN , NaN , NaN 
01-Mar-52, NaN , NaN , NaN , NaN , NaN , NaN , NaN , NaN , NaN , NaN , NaN 
01-Apr-52, NaN , NaN , NaN , NaN , NaN , NaN , NaN , NaN , NaN , NaN , NaN 
01-May-52, NaN , NaN , NaN , NaN , NaN , NaN , NaN , NaN , NaN , NaN , NaN 
01-Jun-52, NaN , NaN , NaN , NaN , NaN , NaN , NaN , NaN , NaN , NaN , NaN 
01-Jul-52, NaN , NaN , NaN , NaN , NaN , NaN , NaN , NaN , NaN , NaN , NaN 
01-Aug-52, NaN , NaN , NaN , NaN , NaN , NaN , NaN , NaN , NaN , NaN , NaN 
01-Sep-52, NaN , NaN , NaN , NaN , NaN , NaN , NaN , NaN , NaN , NaN , NaN 
01-Oct-52, NaN , NaN , NaN , NaN , NaN , NaN , NaN , NaN , NaN , NaN , NaN 
01-Nov-52, NaN , NaN , NaN , NaN , NaN , NaN , NaN , NaN , NaN , NaN , NaN 
01-Dec-52, NaN , NaN , NaN , NaN , NaN , NaN , NaN , NaN , NaN ,0.24, NaN 
01-Jan-53, NaN , NaN , NaN , NaN , NaN , NaN , NaN , NaN , NaN , NaN , NaN 
01-Feb-53, NaN , NaN , NaN , NaN , NaN , NaN , NaN , NaN , NaN , NaN , NaN 
01-Mar-53, NaN , NaN , NaN , NaN , NaN , NaN , NaN , NaN , NaN , NaN , NaN 
01-Apr-53, NaN , NaN , NaN , NaN , NaN , NaN , NaN , NaN , NaN , NaN , NaN 
01-May-53, NaN , NaN , NaN , NaN , NaN , NaN , NaN , NaN , NaN , NaN , NaN 
01-Jun-53, NaN , NaN , NaN , NaN , NaN , NaN , NaN , NaN , NaN , NaN , NaN 
01-Jul-53, NaN , NaN , NaN , NaN , NaN , NaN , NaN , NaN , NaN , NaN , NaN 
01-Aug-53, NaN , NaN , NaN , NaN , NaN , NaN , NaN , NaN , NaN , NaN , NaN 
01-Sep-53, NaN , NaN , NaN , NaN , NaN , NaN , NaN , NaN , NaN , NaN , NaN 
01-Oct-53, NaN , NaN , NaN , NaN , NaN , NaN , NaN , NaN , NaN , NaN , NaN 
01-Nov-53, NaN , NaN , NaN , NaN , NaN , NaN , NaN , NaN , NaN , NaN , NaN 
01-Dec-53, NaN , NaN , NaN , NaN , NaN , NaN , NaN , NaN , NaN ,0.14, NaN 
01-Jan-54, NaN , NaN , NaN , NaN , NaN , NaN , NaN , NaN , NaN , NaN , NaN 
01-Feb-54, NaN , NaN , NaN , NaN , NaN , NaN , NaN , NaN , NaN , NaN , NaN 
01-Mar-54, NaN , NaN , NaN , NaN , NaN , NaN , NaN , NaN , NaN , NaN , NaN 
01-Apr-54, NaN , NaN , NaN , NaN , NaN , NaN , NaN , NaN , NaN , NaN , NaN 
01-May-54, NaN , NaN , NaN , NaN , NaN , NaN , NaN , NaN , NaN , NaN , NaN 
01-Jun-54, NaN , NaN , NaN , NaN , NaN , NaN , NaN , NaN , NaN , NaN , NaN 
01-Jul-54, NaN , NaN , NaN , NaN , NaN , NaN , NaN , NaN , NaN , NaN , NaN 
01-Aug-54, NaN , NaN , NaN , NaN , NaN , NaN , NaN , NaN , NaN , NaN , NaN 
01-Sep-54, NaN , NaN , NaN , NaN , NaN , NaN , NaN , NaN , NaN , NaN , NaN 
01-Oct-54, NaN , NaN , NaN , NaN , NaN , NaN , NaN , NaN , NaN , NaN , NaN 
01-Nov-54, NaN , NaN , NaN , NaN , NaN , NaN , NaN , NaN , NaN , NaN , NaN 
01-Dec-54, NaN , NaN , NaN , NaN , NaN , NaN , NaN , NaN , NaN ,0.24, NaN 
01-Jan-55, NaN , NaN , NaN , NaN , NaN , NaN , NaN , NaN , NaN , NaN , NaN 
01-Feb-55, NaN , NaN , NaN , NaN , NaN , NaN , NaN , NaN , NaN , NaN , NaN 
01-Mar-55, NaN , NaN , NaN , NaN , NaN , NaN , NaN , NaN , NaN , NaN , NaN 
01-Apr-55, NaN , NaN , NaN , NaN , NaN , NaN , NaN , NaN , NaN , NaN , NaN 
01-May-55, NaN , NaN , NaN , NaN , NaN , NaN , NaN , NaN , NaN , NaN , NaN 
01-Jun-55, NaN , NaN , NaN , NaN , NaN , NaN , NaN , NaN , NaN , NaN , NaN 
01-Jul-55, NaN , NaN , NaN , NaN , NaN , NaN , NaN , NaN , NaN , NaN , NaN 
01-Aug-55, NaN , NaN , NaN , NaN , NaN , NaN , NaN , NaN , NaN , NaN , NaN 
01-Sep-55, NaN , NaN , NaN , NaN , NaN , NaN , NaN , NaN , NaN , NaN , NaN 
01-Oct-55, NaN , NaN , NaN , NaN , NaN , NaN , NaN , NaN , NaN , NaN , NaN 
01-Nov-55, NaN , NaN , NaN , NaN , NaN , NaN , NaN , NaN , NaN , NaN , NaN 
01-Dec-55, NaN , NaN , NaN , NaN , NaN , NaN , NaN , NaN , NaN ,0.18, NaN 
01-Jan-56, NaN , NaN , NaN , NaN , NaN , NaN , NaN , NaN , NaN , NaN , NaN 
01-Feb-56, NaN , NaN , NaN , NaN , NaN , NaN , NaN , NaN , NaN , NaN , NaN 
01-Mar-56, NaN , NaN , NaN , NaN , NaN , NaN , NaN , NaN , NaN , NaN , NaN 
01-Apr-56, NaN , NaN , NaN , NaN , NaN , NaN , NaN , NaN , NaN , NaN , NaN 
01-May-56, NaN , NaN , NaN , NaN , NaN , NaN , NaN , NaN , NaN , NaN , NaN 
01-Jun-56, NaN , NaN , NaN , NaN , NaN , NaN , NaN , NaN , NaN , NaN , NaN 
01-Jul-56, NaN , NaN , NaN , NaN , NaN , NaN , NaN , NaN , NaN , NaN , NaN 
01-Aug-56, NaN , NaN , NaN , NaN , NaN , NaN , NaN , NaN , NaN , NaN , NaN 
01-Sep-56, NaN , NaN , NaN , NaN , NaN , NaN , NaN , NaN , NaN , NaN , NaN 
01-Oct-56, NaN , NaN , NaN , NaN , NaN , NaN , NaN , NaN , NaN , NaN , NaN 
01-Nov-56, NaN , NaN , NaN , NaN , NaN , NaN , NaN , NaN , NaN , NaN , NaN 
01-Dec-56, NaN , NaN , NaN , NaN , NaN , NaN , NaN , NaN , NaN ,0.17, NaN 
01-Jan-57, NaN , NaN ,0.05,0.03, NaN , NaN , NaN , NaN , NaN ,0.18, NaN 
01-Feb-57, NaN , NaN ,0.05,0.03, NaN , NaN , NaN , NaN , NaN ,0.18, NaN 
01-Mar-57, NaN , NaN ,0.05,0.03, NaN , NaN , NaN , NaN , NaN ,0.17, NaN 
01-Apr-57, NaN , NaN ,0.05,0.03, NaN , NaN , NaN , NaN , NaN ,0.16, NaN 
01-May-57, NaN , NaN ,0.05,0.03, NaN , NaN , NaN , NaN , NaN ,0.15, NaN 
01-Jun-57, NaN , NaN ,0.05,0.03, NaN , NaN , NaN , NaN , NaN ,0.15, NaN 
01-Jul-57, NaN , NaN ,0.05,0.03, NaN , NaN , NaN , NaN , NaN ,0.13, NaN 
01-Aug-57, NaN , NaN ,0.05,0.03, NaN , NaN , NaN , NaN , NaN ,0.11, NaN 
01-Sep-57, NaN , NaN ,0.05,0.03, NaN , NaN , NaN , NaN , NaN ,0.12, NaN 
01-Oct-57, NaN , NaN ,0.05,0.03, NaN , NaN , NaN , NaN , NaN ,0.11, NaN 
01-Nov-57, NaN , NaN ,0.05,0.03, NaN , NaN , NaN , NaN , NaN ,0.1, NaN 
01-Dec-57, NaN , NaN ,0.05,0.03, NaN , NaN , NaN , NaN , NaN ,0.1, NaN 
01-Jan-58, NaN , NaN ,0.05,0.03, NaN , NaN , NaN , NaN , NaN ,0.1, NaN 
01-Feb-58, NaN , NaN ,0.05,0.04, NaN , NaN , NaN , NaN , NaN ,0.08, NaN 
01-Mar-58, NaN , NaN ,0.05,0.04, NaN , NaN , NaN , NaN , NaN ,0.06, NaN 
01-Apr-58, NaN , NaN ,0.05,0.04, NaN , NaN , NaN , NaN , NaN ,0.04, NaN 
01-May-58, NaN , NaN ,0.05,0.04, NaN , NaN , NaN , NaN , NaN ,0.05, NaN 
01-Jun-58, NaN , NaN ,0.05,0.04, NaN , NaN , NaN , NaN , NaN ,0.06, NaN 
01-Jul-58, NaN , NaN ,0.05,0.04, NaN , NaN , NaN , NaN , NaN ,0.06, NaN 
01-Aug-58, NaN , NaN ,0.05,0.04, NaN , NaN , NaN , NaN , NaN ,0.05, NaN 
01-Sep-58, NaN , NaN ,0.05,0.04, NaN , NaN , NaN , NaN , NaN ,0.06, NaN 
01-Oct-58, NaN , NaN ,0.05,0.04, NaN , NaN , NaN , NaN , NaN ,0.07, NaN 
01-Nov-58, NaN , NaN ,0.05,0.04, NaN , NaN , NaN , NaN , NaN ,0.07, NaN 
01-Dec-58, NaN , NaN ,0.05,0.04, NaN , NaN , NaN , NaN , NaN ,0.11, NaN 
01-Jan-59, NaN , NaN ,0.05,0.04, NaN , NaN , NaN , NaN , NaN ,0.1, NaN 
01-Feb-59, NaN , NaN ,0.05,0.04, NaN , NaN , NaN , NaN , NaN ,0.12, NaN 
01-Mar-59, NaN , NaN ,0.05,0.04, NaN , NaN , NaN , NaN , NaN ,0.14, NaN 
01-Apr-59, NaN , NaN ,0.05,0.04, NaN , NaN , NaN , NaN , NaN ,0.14, NaN 
01-May-59, NaN , NaN ,0.05,0.04, NaN , NaN , NaN , NaN , NaN ,0.12, NaN 
01-Jun-59, NaN , NaN ,0.05,0.03, NaN , NaN , NaN , NaN , NaN ,0.14, NaN 
01-Jul-59, NaN , NaN ,0.05,0.03, NaN , NaN , NaN , NaN , NaN ,0.16, NaN 
01-Aug-59, NaN , NaN ,0.05,0.03, NaN , NaN , NaN , NaN , NaN ,0.17, NaN 
01-Sep-59, NaN , NaN ,0.05,0.03, NaN , NaN , NaN , NaN , NaN ,0.17, NaN 
01-Oct-59, NaN , NaN ,0.05,0.03, NaN , NaN , NaN , NaN , NaN ,0.19, NaN 
01-Nov-59, NaN , NaN ,0.05,0.03, NaN , NaN , NaN , NaN , NaN ,0.21, NaN 
01-Dec-59, NaN , NaN ,0.05,0.03, NaN , NaN , NaN , NaN , NaN ,0.23, NaN 
01-Jan-60,-0.33, NaN ,0.05,0.03,0.05, NaN , NaN , NaN , NaN ,0.23,0.7
01-Feb-60,0, NaN ,0.05,0.03,0.05, NaN , NaN , NaN , NaN ,0.21,0.82
01-Mar-60,0.34, NaN ,0.05,0.03,0.05, NaN , NaN , NaN , NaN ,0.19,0.86
01-Apr-60,0.33, NaN ,0.05,0.04,0.05, NaN , NaN , NaN , NaN ,0.15,0.73
01-May-60,0.33, NaN ,0.05,0.04,0.05, NaN , NaN , NaN , NaN ,0.11,0.78
01-Jun-60,0.33, NaN ,0.05,0.04,0.05, NaN , NaN , NaN , NaN ,0.11,0.77
01-Jul-60,0, NaN ,0.05,0.04,0.05, NaN , NaN , NaN , NaN ,0.11,0.7
01-Aug-60,0.33, NaN ,0.05,0.04,0.05, NaN , NaN , NaN , NaN ,0.1,0.6
01-Sep-60,0, NaN ,0.05,0.04,0.05, NaN , NaN , NaN , NaN ,0.11,0.85
01-Oct-60,0, NaN ,0.05,0.04,0.05, NaN , NaN , NaN , NaN ,0.1,0.8
01-Nov-60,0, NaN ,0.05,0.04,0.05, NaN , NaN , NaN , NaN ,0.1,0.75
01-Dec-60,0, NaN ,0.05,0.04,0.05, NaN , NaN , NaN , NaN ,0.09,0.67
01-Jan-61,0.33, NaN ,0.05,0.04,0.05, NaN , NaN , NaN , NaN ,0.09,0.68
01-Feb-61,0.33, NaN ,0.06,0.04,0.06, NaN , NaN , NaN , NaN ,0.08,0.87
01-Mar-61,0, NaN ,0.06,0.04,0.06, NaN , NaN , NaN , NaN ,0.07,0.81
01-Apr-61,0.33, NaN ,0.06,0.04,0.06, NaN , NaN , NaN , NaN ,0.06,0.81
01-May-61,0.65, NaN ,0.06,0.05,0.06, NaN , NaN , NaN , NaN ,0.07,0.82
01-Jun-61,0, NaN ,0.06,0.05,0.06, NaN , NaN , NaN , NaN ,0.06,0.96
01-Jul-61,0, NaN ,0.06,0.05,0.06, NaN , NaN , NaN , NaN ,0.07,0.84
01-Aug-61,0.32, NaN ,0.06,0.04,0.06, NaN , NaN , NaN , NaN ,0.07,0.9
01-Sep-61,0, NaN ,0.06,0.04,0.06, NaN , NaN , NaN , NaN ,0.08,1.07
01-Oct-61,0, NaN ,0.06,0.04,0.06, NaN , NaN , NaN , NaN ,0.1,1.11
01-Nov-61,0.65, NaN ,0.06,0.04,0.06, NaN , NaN , NaN , NaN ,0.1,0.88
01-Dec-61,-0.64, NaN ,0.06,0.04,0.06, NaN , NaN , NaN , NaN ,0.1,1.21
01-Jan-62,0, NaN ,0.06,0.04,0.06, NaN , NaN , NaN , NaN ,0.09,0.76
01-Feb-62,0, NaN ,0.06,0.04,0.06, NaN , NaN , NaN , NaN ,0.11,0.91
01-Mar-62,0.32, NaN ,0.06,0.04,0.06, NaN , NaN , NaN , NaN ,0.13,0.95
01-Apr-62,0.32, NaN ,0.06,0.03,0.06, NaN , NaN , NaN , NaN ,0.16,1.09
01-May-62,0.32, NaN ,0.06,0.03,0.06, NaN , NaN , NaN , NaN ,0.18,0.98
01-Jun-62,0, NaN ,0.06,0.03,0.06, NaN , NaN , NaN , NaN ,0.18,0.97
01-Jul-62,0, NaN ,0.05,0.03,0.05, NaN , NaN , NaN , NaN ,0.19,0.75
01-Aug-62,0, NaN ,0.05,0.02,0.05, NaN , NaN , NaN , NaN ,0.17,0.81
01-Sep-62,0, NaN ,0.05,0.02,0.05, NaN , NaN , NaN , NaN ,0.17,0.96
01-Oct-62,0, NaN ,0.05,0.02,0.05, NaN , NaN , NaN , NaN ,0.18,0.87
01-Nov-62,0, NaN ,0.05,0.02,0.05, NaN , NaN , NaN , NaN ,0.16,0.83
01-Dec-62,0.64, NaN ,0.05,0.02,0.05, NaN , NaN , NaN , NaN ,0.15,0.82
01-Jan-63,0.32, NaN ,0.05,0.02,0.05, NaN , NaN , NaN , NaN ,0.17,0.66
01-Feb-63,-0.32, NaN ,0.05,0.02,0.05, NaN , NaN , NaN , NaN ,0.17,0.95
01-Mar-63,0, NaN ,0.05,0.02,0.05, NaN , NaN , NaN , NaN ,0.15,0.8
01-Apr-63,0, NaN ,0.05,0.02,0.05, NaN , NaN , NaN , NaN ,0.12,0.82
01-May-63,0, NaN ,0.05,0.02,0.05, NaN , NaN , NaN , NaN ,0.13,0.82
01-Jun-63,0.32, NaN ,0.05,0.02,0.05, NaN , NaN , NaN , NaN ,0.13,0.76
01-Jul-63,0.32, NaN ,0.05,0.02,0.05, NaN , NaN , NaN , NaN ,0.14,0.7
01-Aug-63,0.32, NaN ,0.05,0.02,0.05, NaN , NaN , NaN , NaN ,0.13,0.76
01-Sep-63,0, NaN ,0.05,0.02,0.05, NaN , NaN , NaN , NaN ,0.13,0.81
01-Oct-63,0, NaN ,0.05,0.02,0.05, NaN , NaN , NaN , NaN ,0.14,0.69
01-Nov-63,0, NaN ,0.05,0.02,0.05, NaN , NaN , NaN , NaN ,0.14,0.75
01-Dec-63,0, NaN ,0.05,0.02,0.05, NaN , NaN , NaN , NaN ,0.14,0.79
01-Jan-64,0, NaN ,0.05,0.02,0.05, NaN , NaN , NaN , NaN ,0.14,0.59
01-Feb-64,0, NaN ,0.05,0.02,0.05, NaN , NaN , NaN , NaN ,0.16,0.71
01-Mar-64,0.95, NaN ,0.05,0.03,0.05, NaN , NaN , NaN , NaN ,0.15,0.77
01-Apr-64,0.31, NaN ,0.05,0.03,0.05, NaN , NaN , NaN , NaN ,0.15,0.72
01-May-64,0, NaN ,0.05,0.03,0.05, NaN , NaN , NaN , NaN ,0.14,0.73
01-Jun-64,0.31, NaN ,0.05,0.03,0.05, NaN , NaN , NaN , NaN ,0.16,0.67
01-Jul-64,0.62, NaN ,0.05,0.03,0.05, NaN , NaN , NaN , NaN ,0.15,0.55
01-Aug-64,0.31, NaN ,0.05,0.03,0.05, NaN , NaN , NaN , NaN ,0.12,0.56
01-Sep-64,0.62, NaN ,0.05,0.03,0.05, NaN , NaN , NaN , NaN ,0.14,0.6
01-Oct-64,0.31, NaN ,0.05,0.03,0.05, NaN , NaN , NaN , NaN ,0.13,0.62
01-Nov-64,0.61, NaN ,0.05,0.03,0.05, NaN , NaN , NaN , NaN ,0.13,0.64
01-Dec-64,0.3, NaN ,0.05,0.04,0.05, NaN , NaN , NaN , NaN ,0.13,0.53
01-Jan-65,0.3, NaN ,0.05,0.04,0.05, NaN , NaN , NaN , NaN ,0.13,0.45
01-Feb-65,0, NaN ,0.05,0.04,0.05, NaN , NaN , NaN , NaN ,0.13,0.61
01-Mar-65,0.3, NaN ,0.05,0.04,0.05,0.48,1.48,2.89,4.77,0.14,0.6
01-Apr-65,0.6, NaN ,0.06,0.04,0.06,0.46,1.53,2.95,4.84,0.12,0.55
01-May-65,0, NaN ,0.06,0.04,0.06,0.47,1.51,2.95,4.83,0.13,0.47
01-Jun-65,0.3, NaN ,0.06,0.04,0.06,0.47,1.51,2.98,4.84,0.13,0.53
01-Jul-65,0.3, NaN ,0.06,0.04,0.06,0.48,1.51,3.02,4.84,0.15,0.42
01-Aug-65,0.59, NaN ,0.06,0.04,0.06,0.47,1.5,3.02,4.83,0.15,0.58
01-Sep-65,0, NaN ,0.06,0.04,0.06,0.49,1.51,3.08,4.85,0.15,0.55
01-Oct-65,0.29, NaN ,0.06,0.04,0.06,0.48,1.5,3.15,4.91,0.14,0.68
01-Nov-65,0.29, NaN ,0.06,0.04,0.06,0.49,1.54,3.18,4.92,0.16,0.62
01-Dec-65,0.29, NaN ,0.06,0.04,0.06,0.52,1.59,3.27,5,0.17,0.66
01-Jan-66,0.29, NaN ,0.06,0.04,0.06,0.51,1.53,3.2,4.93,0.16,0.52
01-Feb-66,0.58, NaN ,0.06,0.04,0.06,0.5,1.56,3.21,4.93,0.17,0.66
01-Mar-66,0, NaN ,0.06,0.04,0.06,0.52,1.56,3.17,4.93,0.19,0.75
01-Apr-66,0.29, NaN ,0.06,0.04,0.06,0.52,1.6,3.21,5.02,0.17,0.67
01-May-66,-0.29, NaN ,0.06,0.04,0.06,0.52,1.61,3.24,5.08,0.18,0.76
01-Jun-66,0.58, NaN ,0.06,0.04,0.06,0.53,1.69,3.32,5.22,0.17,0.87
01-Jul-66,0, NaN ,0.07,0.04,0.07,0.54,1.69,3.38,5.27,0.18,0.61
01-Aug-66,0.29, NaN ,0.07,0.04,0.07,0.54,1.65,3.35,5.26,0.18,0.69
01-Sep-66,1.44, NaN ,0.07,0.04,0.07,0.55,1.7,3.4,5.36,0.18,0.63
01-Oct-66,0.28, NaN ,0.07,0.04,0.07,0.55,1.69,3.4,5.39,0.18,0.64
01-Nov-66,0, NaN ,0.07,0.04,0.07,0.56,1.67,3.41,5.39,0.18,0.69
01-Dec-66,0.28, NaN ,0.07,0.04,0.07,0.58,1.76,3.47,5.46,0.19,0.68
01-Jan-67,0.28, NaN ,0.07,0.05,0.07,0.54,1.68,3.41,5.42,0.19,0.46
01-Feb-67,0, NaN ,0.07,0.05,0.07,0.54,1.66,3.37,5.39,0.18,0.62
01-Mar-67,0.56, NaN ,0.07,0.05,0.07,0.56,1.7,3.42,5.45,0.2,0.68
01-Apr-67,0.28, NaN ,0.07,0.05,0.07,0.54,1.67,3.42,5.48,0.17,0.6
01-May-67,0.28, NaN ,0.07,0.05,0.07,0.55,1.68,3.41,5.48,0.18,0.65
01-Jun-67,0.28, NaN ,0.07,0.05,0.07,0.56,1.77,3.52,5.61,0.21,0.63
01-Jul-67,0.55, NaN ,0.07,0.05,0.07,0.58,1.7,3.48,5.58,0.21,0.63
01-Aug-67,0.28, NaN ,0.07,0.05,0.07,0.57,1.71,3.51,5.61,0.21,0.63
01-Sep-67,0, NaN ,0.07,0.05,0.07,0.59,1.71,3.53,5.63,0.21,0.78
01-Oct-67,-0.27, NaN ,0.07,0.05,0.07,0.57,1.73,3.59,5.68,0.22,0.82
01-Nov-67,0, NaN ,0.07,0.05,0.07,0.58,1.77,3.64,5.76,0.19,0.88
01-Dec-67,0, NaN ,0.07,0.05,0.07,0.61,1.86,3.7,5.86,0.2,0.79
01-Jan-68,0, NaN ,0.07,0.05,0.07,0.58,1.8,3.67,5.82,0.2,0.66
01-Feb-68,0.28, NaN ,0.07,0.05,0.07,0.58,1.77,3.63,5.82,0.19,0.88
01-Mar-68,0.27, NaN ,0.07,0.05,0.07,0.59,1.83,3.69,5.88,0.24,0.82
01-Apr-68,0.27, NaN ,0.07,0.05,0.07,0.58,1.87,3.73,5.96,0.23,0.83
01-May-68,0, NaN ,0.07,0.05,0.07,0.6,1.84,3.74,6.03,0.22,0.78
01-Jun-68,0.27, NaN ,0.07,0.05,0.07,0.61,1.88,3.82,6.15,0.26,0.71
01-Jul-68,0.54, NaN ,0.07,0.05,0.07,0.61,1.84,3.81,6.19,0.31,0.81
01-Aug-68,0, NaN ,0.07,0.05,0.07,0.61,1.91,3.9,6.27,0.33,0.74
01-Sep-68,0.54, NaN ,0.07,0.05,0.07,0.63,1.95,4.01,6.36,0.27,0.75
01-Oct-68,0, NaN ,0.07,0.05,0.07,0.64,1.96,4.08,6.46,0.22,0.71
01-Nov-68,0.27, NaN ,0.07,0.05,0.07,0.65,2.24,4.33,6.66,0.22,0.69
01-Dec-68,0.27, NaN ,0.07,0.05,0.07,0.7,2.19,4.31,6.61,0.23,0.69
01-Jan-69,0.27, NaN ,0.07,0.05,0.07,0.69,2.1,4.25,6.55,0.25,0.66
01-Feb-69,0, NaN ,0.07,0.05,0.07,0.68,2.15,4.29,6.64,0.27,0.88
01-Mar-69,0.8, NaN ,0.07,0.05,0.07,0.72,2.17,4.27,6.74,0.31,0.76
01-Apr-69,0.27, NaN ,0.07,0.05,0.07,0.72,2.18,4.26,6.76,0.25,0.72
01-May-69,0.26, NaN ,0.07,0.05,0.07,0.71,2.15,4.29,6.82,0.29,0.63
01-Jun-69,0, NaN ,0.07,0.05,0.07,0.73,2.21,4.34,6.81,0.29,0.75
01-Jul-69,0.26, NaN ,0.07,0.05,0.07,0.76,2.14,4.31,6.77,0.32,0.55
01-Aug-69,0, NaN ,0.07,0.05,0.07,0.7,2.18,4.37,6.85,0.31,0.7
01-Sep-69,0.53, NaN ,0.07,0.05,0.07,0.72,2.22,4.53,7.06,0.31,0.63
01-Oct-69,0.52, NaN ,0.07,0.05,0.07,0.73,2.2,4.56,7.18,0.28,0.61
01-Nov-69,0.26, NaN ,0.07,0.04,0.07,0.73,2.21,4.55,7.26,0.28,0.66
01-Dec-69,0.52, NaN ,0.07,0.04,0.07,0.76,2.36,4.69,7.37,0.28,0.7
01-Jan-70,0, NaN ,0.07,0.04,0.07,0.75,2.22,4.59,7.18,0.37,0.85
01-Feb-70,0, NaN ,0.07,0.04,0.07,0.73,2.2,4.62,7.16,0.38,1.02
01-Mar-70,0, NaN ,0.07,0.04,0.07,0.77,2.34,4.81,7.33,0.38,0.99
01-Apr-70,2.63, NaN ,0.07,0.04,0.07,0.78,2.31,4.88,7.4,0.38,0.99
01-May-70,0, NaN ,0.07,0.04,0.07,0.76,2.29,4.89,7.45,0.36,0.88
01-Jun-70,0, NaN ,0.07,0.04,0.07,0.77,2.42,5.07,7.58,0.4,0.88
01-Jul-70,0, NaN ,0.07,0.04,0.07,0.79,2.32,5.04,7.58,0.34,0.89
01-Aug-70,2.56, NaN ,0.08,0.04,0.08,0.77,2.37,5.01,7.61,0.29,0.85
01-Sep-70,0, NaN ,0.08,0.04,0.08,0.8,2.41,5.09,7.76,0.27,0.87
01-Oct-70,0, NaN ,0.08,0.04,0.08,0.79,2.36,5.11,7.82,0.3,0.84
01-Nov-70,0, NaN ,0.08,0.04,0.08,0.81,2.37,5.1,7.84,0.31,0.79
01-Dec-70,0, NaN ,0.08,0.05,0.08,0.83,2.51,5.21,7.92,0.35,0.74
01-Jan-71,0,0.72,0.08,0.05,0.08,0.82,2.29,5.05,7.88,0.33,0.62
01-Feb-71,0,0.71,0.08,0.05,0.08,0.81,2.28,5.06,7.9,0.32,0.76
01-Mar-71,2.5,0.71,0.09,0.05,0.09,0.82,2.34,5.12,8.02,0.31,0.71
01-Apr-71,0,0.71,0.09,0.06,0.09,0.8,2.32,5.15,8.11,0.29,0.87
01-May-71,0,0.71,0.09,0.06,0.09,0.8,2.36,5.19,8.19,0.28,0.85
01-Jun-71,0,0.71,0.09,0.06,0.09,0.8,2.44,5.28,8.24,0.3,0.73
01-Jul-71,0,0.71,0.09,0.06,0.09,0.83,2.34,5.24,8.21,0.33,0.81
01-Aug-71,2.44,0.71,0.09,0.05,0.09,0.8,2.45,5.27,8.32,0.28,0.84
01-Sep-71,0,0.71,0.09,0.05,0.09,0.85,2.46,5.37,8.43,0.27,0.91
01-Oct-71,2.38,0.71,0.09,0.06,0.09,0.84,2.45,5.41,8.46,0.27,0.9
01-Nov-71,0,0.71,0.09,0.06,0.09,0.85,2.46,5.42,8.51,0.22,0.78
01-Dec-71,0,0.73,0.09,0.06,0.09,0.86,2.6,5.53,8.61,0.27,0.97
01-Jan-72,0,0.76,0.09,0.06,0.09,0.85,2.45,5.37,8.51,0.33,0.77
01-Feb-72,0,0.75,0.09,0.06,0.09,0.84,2.51,5.45,8.63,0.34,1.01
01-Mar-72,0,0.75,0.09,0.06,0.09,0.88,2.51,5.46,8.71,0.4,0.99
01-Apr-72,0,0.75,0.09,0.06,0.09,0.88,2.55,5.5,8.8,0.47,1.08
01-May-72,0,0.75,0.09,0.06,0.09,0.87,2.53,5.52,8.86,0.52,1.02
01-Jun-72,0,0.75,0.09,0.06,0.09,0.87,2.73,5.7,9.1,0.56,1.12
01-Jul-72,2.33,0.8,0.09,0.05,0.09,0.89,2.69,5.77,9.23,0.65,1.1
01-Aug-72,2.27,0.8,0.08,0.05,0.08,0.87,2.78,5.8,9.38,0.63,1.1
01-Sep-72,0,0.8,0.08,0.05,0.08,0.92,2.79,5.96,9.63,0.64,1.27
01-Oct-72,2.22,0.8,0.08,0.05,0.08,0.89,2.75,5.97,9.65,0.63,0.99
01-Nov-72,0,0.78,0.08,0.05,0.08,0.91,2.82,6.09,9.83,0.6,1.02
01-Dec-72,0,0.78,0.08,0.05,0.08,0.94,2.96,6.28,10.07,0.61,1.16
01-Jan-73,0,0.78,0.08,0.04,0.08,0.89,2.71,6.11,9.99,0.64,0.98
01-Feb-73,0,0.74,0.08,0.04,0.08,0.9,2.79,6.25,10.08,0.73,1.05
01-Mar-73,2.17,0.71,0.08,0.04,0.08,0.92,2.86,6.45,10.38,0.84,1.16
01-Apr-73,2.13,0.71,0.08,0.04,0.08,0.94,3.02,6.68,10.69,0.92,1.35
01-May-73,0,0.71,0.08,0.03,0.08,0.96,3,6.8,10.95,1,1.16
01-Jun-73,0,0.68,0.08,0.03,0.08,0.98,3.05,6.92,11.2,1.04,1.3
01-Jul-73,2.08,0.67,0.08,0.03,0.08,0.98,3.03,7.03,11.39,1.14,1.25
01-Aug-73,0,0.67,0.08,0.02,0.08,1,3.05,7,11.42,0.99,1.13
01-Sep-73,0,0.67,0.08,0.03,0.08,1.06,3.16,7.28,11.81,0.85,1.17
01-Oct-73,2.04,0.67,0.08,0.03,0.08,1.03,3.05,7.2,11.82,0.83,1.1
01-Nov-73,0,0.67,0.08,0.03,0.08,1.09,3.17,7.29,11.91,0.63,0.95
01-Dec-73,0,0.67,0.08,0.03,0.08,1.12,3.42,7.55,12.11,0.45,1.13
01-Jan-74,2,0.67,0.08,0.04,0.08,1.08,3.35,7.47,12.14,0.42,1.02
01-Feb-74,0,0.67,0.08,0.05,0.08,1.12,3.48,7.64,12.29,0.53,1.32
01-Mar-74,1.96,0.67,0.08,0.05,0.08,1.16,3.6,7.86,12.57,0.66,1.25
01-Apr-74,0,0.67,0.08,0.05,0.08,1.15,3.61,7.89,12.8,0.52,1.27
01-May-74,1.92,0.67,0.08,0.05,0.08,1.17,3.67,8.09,13,0.48,1.05
01-Jun-74,1.89,0.67,0.09,0.06,0.09,1.18,3.68,8.25,13.26,0.44,1.02
01-Jul-74,0,0.67,0.09,0.06,0.09,1.18,3.6,8.24,13.29,0.45,1.1
01-Aug-74,1.85,0.68,0.1,0.06,0.1,1.21,3.56,8.21,13.21,0.36,1.09
01-Sep-74,1.82,0.7,0.1,0.06,0.1,1.27,3.63,8.43,13.45,0.38,1.06
01-Oct-74,0,0.7,0.1,0.06,0.1,1.23,3.62,8.61,13.7,0.39,1.09
01-Nov-74,1.79,0.7,0.1,0.06,0.1,1.3,3.85,8.86,13.96,0.5,1.27
01-Dec-74,0,0.69,0.1,0.06,0.1,1.3,4.08,9.13,14.24,0.38,1.01
01-Jan-75,1.75,0.69,0.1,0.06,0.1,1.28,3.98,9.11,14.51,0.4,1.12
01-Feb-75,1.72,0.68,0.1,0.06,0.1,1.31,3.96,9.21,14.55,0.43,1.12
01-Mar-75,0,0.67,0.1,0.06,0.1,1.35,4.02,9.45,14.95,0.44,1.12
01-Apr-75,1.69,0.68,0.1,0.06,0.1,1.32,4.04,9.6,15.14,0.38,1.1
01-May-75,0,0.68,0.1,0.06,0.1,1.35,4.01,9.56,15.23,0.44,1.04
01-Jun-75,1.67,0.68,0.1,0.06,0.1,1.35,4.16,9.77,15.6,0.39,1.06
01-Jul-75,1.64,0.72,0.1,0.06,0.1,1.37,4.07,9.89,15.88,0.45,1.01
01-Aug-75,0,0.72,0.1,0.06,0.1,1.41,4.08,9.93,15.96,0.49,1.06
01-Sep-75,1.61,0.77,0.1,0.07,0.1,1.42,4.28,10.28,16.32,0.47,1.08
01-Oct-75,0,0.87,0.1,0.07,0.1,1.44,4.15,10.31,16.46,0.52,1.07
01-Nov-75,1.59,0.87,0.1,0.07,0.1,1.48,4.25,10.56,16.83,0.53,1.08
01-Dec-75,0,0.87,0.1,0.07,0.1,1.48,4.38,10.8,17.1,0.49,1.13
01-Jan-76,0,0.87,0.1,0.07,0.1,1.46,4.12,10.72,17.07,0.51,0.86
01-Feb-76,1.56,0.87,0.1,0.07,0.1,1.46,4.12,10.76,17.11,0.4,0.97
01-Mar-76,1.54,0.87,0.1,0.07,0.1,1.47,4.2,11,17.25,0.96,1.04
01-Apr-76,1.52,0.87,0.1,0.07,0.1,1.51,4.31,11.27,17.54,0.81,1.07
01-May-76,0,0.87,0.1,0.07,0.1,1.56,4.31,11.26,17.6,0.66,1.05
01-Jun-76,1.49,0.87,0.1,0.07,0.1,1.51,4.54,11.61,17.95,0.51,1.09
01-Jul-76,0,0.87,0.1,0.07,0.1,1.55,4.48,11.61,17.97,0.38,0.78
01-Aug-76,2.94,0.87,0.11,0.08,0.11,1.52,4.47,11.51,17.93,0.31,1.59
01-Sep-76,0,0.87,0.11,0.08,0.11,1.29,4.59,11.76,18.32,0.37,1.34
01-Oct-76,0,0.87,0.11,0.08,0.11,1.28,4.38,11.8,18.45,0.39,1.1
01-Nov-76,0,0.87,0.11,0.08,0.11,1.31,4.47,11.87,18.55,0.43,1.1
01-Dec-76,1.43,0.87,0.11,0.08,0.11,1.28,4.6,12.01,18.68,0.43,1.38
01-Jan-77,1.41,0.87,0.11,0.08,0.11,1.55,4.46,11.8,18.6,0.4,1.2
01-Feb-77,0,0.87,0.11,0.08,0.11,1.56,4.24,11.79,18.58,0.32,1.18
01-Mar-77,1.39,0.87,0.11,0.08,0.11,1.56,4.45,11.89,18.8,0.32,1.47
01-Apr-77,2.74,0.87,0.11,0.08,0.11,1.58,4.49,12.19,19.11,0.55,1.71
01-May-77,0,0.87,0.11,0.08,0.11,1.58,4.57,12.4,19.41,0.53,1.79
01-Jun-77,0,0.87,0.11,0.08,0.11,1.58,4.85,12.65,19.77,0.54,1.48
01-Jul-77,1.33,0.87,0.11,0.08,0.11,1.62,4.56,12.54,19.69,0.55,1.66
01-Aug-77,1.32,0.87,0.11,0.08,0.11,1.57,4.58,12.5,19.64,0.5,1.4
01-Sep-77,0,0.87,0.11,0.08,0.11,1.65,4.67,12.74,19.99,0.49,1.44
01-Oct-77,1.3,0.87,0.11,0.08,0.11,1.32,4.52,12.63,20.02,0.47,1.72
01-Nov-77,0,0.87,0.11,0.08,0.11,1.37,4.64,12.82,20.25,0.44,2
01-Dec-77,1.28,0.87,0.11,0.08,0.11,1.68,4.81,13.01,20.54,0.42,1.9
01-Jan-78,1.27,0.87,0.11,0.08,0.11,1.62,4.67,13.17,21.01,0.4,1.56
01-Feb-78,0,0.87,0.11,0.08,0.11,1.62,4.67,13.15,21.04,0.41,1.52
01-Mar-78,0,0.87,0.11,0.08,0.11,1.67,4.75,13.37,21.34,0.41,1.55
01-Apr-78,2.5,0.87,0.11,0.08,0.11,1.66,4.84,13.7,21.88,0.42,1.57
01-May-78,0,0.87,0.11,0.08,0.11,1.65,4.76,13.9,22.22,0.42,1.69
01-Jun-78,0,0.87,0.11,0.08,0.11,1.7,5.04,14.06,22.55,0.42,1.52
01-Jul-78,3.66,0.87,0.11,0.08,0.11,1.71,5.08,14.44,23.02,0.43,1.85
01-Aug-78,1.18,0.87,0.1,0.08,0.1,1.72,5.16,14.58,23.31,0.43,1.61
01-Sep-78,1.16,0.87,0.1,0.08,0.1,1.81,4.81,14.09,22.68,0.44,1.74
01-Oct-78,1.15,0.87,0.1,0.08,0.1,1.74,5.03,14.78,23.81,0.54,1.55
01-Nov-78,0,0.87,0.1,0.07,0.1,1.84,5.27,15.06,24.25,0.67,1.85
01-Dec-78,0,0.87,0.1,0.07,0.1,1.89,5.41,15.19,24.35,0.42,1.94
01-Jan-79,1.14,0.87,0.09,0.07,0.09,1.79,5.15,14.9,24.29,0.48,1.65
01-Feb-79,1.12,0.86,0.09,0.07,0.09,1.8,5.26,14.89,24.53,0.73,2.25
01-Mar-79,1.11,0.84,0.09,0.06,0.09,1.83,5.59,15.12,24.86,0.74,2.1
01-Apr-79,1.1,0.85,0.09,0.06,0.09,1.84,5.62,15.23,25.16,0.72,1.93
01-May-79,0,0.85,0.09,0.06,0.09,1.89,5.58,15.4,25.42,0.76,2.02
01-Jun-79,1.09,0.85,0.09,0.05,0.09,1.91,5.63,15.26,25.54,0.57,1.7
01-Jul-79,4.3,0.84,0.09,0.05,0.09,1.93,5.59,15.71,25.93,0.4,2.31
01-Aug-79,1.03,0.84,0.09,0.05,0.09,1.98,5.67,15.77,26.13,0.48,1.92
01-Sep-79,1.02,0.83,0.09,0.04,0.09,2.05,5.67,16.07,26.66,0.81,2.2
01-Oct-79,1.01,0.83,0.09,0.04,0.09,1.99,5.89,16.45,27.17,0.81,2
01-Nov-79,0,0.83,0.09,0.04,0.09,2.15,6.09,16.82,27.72,0.54,2.02
01-Dec-79,1,0.83,0.09,0.04,0.09,2.16,6.51,17.35,28.17,0.43,2.98
01-Jan-80,0,0.82,0.09,0.04,0.09,2.11,6.21,17.14,28.31,0.67,1.62
01-Feb-80,0.99,0.81,0.09,0.04,0.09,2.18,6.35,17.22,28.52,0.97,1.84
01-Mar-80,0.98,0.81,0.09,0.04,0.09,2.22,7.06,17.84,29.43,0.65,1.69
01-Apr-80,0.97,0.81,0.09,0.04,0.09,2.66,6.57,17.63,29.36,0.68,1.3
01-May-80,0.96,0.79,0.1,0.05,0.1,2.67,6.64,18.07,29.79,0.85,0.99
01-Jun-80,1.9,0.78,0.1,0.05,0.1,2.73,7.15,18.57,30.47,0.85,1.33
01-Jul-80,1.87,0.76,0.1,0.05,0.1,2.84,7.37,19.41,31.53,1.07,1.26
01-Aug-80,0,0.76,0.1,0.04,0.1,2.95,7.35,19.44,31.67,1.11,1.26
01-Sep-80,2.75,0.75,0.1,0.05,0.1,3.8,7.81,20.34,32.86,1.22,1.21
01-Oct-80,1.79,0.75,0.11,0.05,0.11,3.42,8.06,20.68,33.55,1.04,1.14
01-Nov-80,0.88,0.75,0.12,0.05,0.12,3.5,8.49,21.24,34.15,1.01,1.13
01-Dec-80,1.74,0.75,0.12,0.06,0.12,3.52,8.69,21.71,34.66,0.73,1.14
01-Jan-81,0,0.75,0.12,0.07,0.12,3.55,8.82,22.27,35.16,0.93,1.23
01-Feb-81,1.71,0.77,0.13,0.07,0.13,3.63,8.86,22.39,35.69,1.09,0.96
01-Mar-81,0,0.79,0.13,0.08,0.13,3.61,9.19,23.27,36.77,1.2,1.06
01-Apr-81,0.84,0.81,0.13,0.08,0.13,3.83,9.53,24.09,37.97,0.81,0.91
01-May-81,0.83,0.84,0.13,0.09,0.13,3.95,9.5,24.21,38.45,0.89,0.77
01-Jun-81,0.83,0.87,0.13,0.09,0.13,3.86,9.67,24.1,38.71,0.74,0.95
01-Jul-81,2.46,0.92,0.13,0.11,0.13,3.85,9.98,25.04,39.49,0.68,0.83
01-Aug-81,1.6,0.95,0.13,0.11,0.13,3.89,9.88,24.8,39.34,0.92,0.8
01-Sep-81,2.36,0.95,0.13,0.11,0.13,3.97,10.12,25.43,39.51,0.41,0.96
01-Oct-81,0.77,0.96,0.13,0.12,0.13,4.03,10.58,26.02,40.02,0.72,0.94
01-Nov-81,0.76,0.96,0.13,0.12,0.13,4.2,11.01,26.58,40.82,0.68,0.8
01-Dec-81,0.76,0.97,0.13,0.13,0.13,4.1,11.06,26.89,40.83,0.67,0.99
01-Jan-82,0,0.97,0.14,0.14,0.14,4.12,10.58,26.42,40.85,0.59,0.8
01-Feb-82,1.5,0.98,0.14,0.15,0.14,4.24,10.72,26.6,40.93,0.86,0.91
01-Mar-82,2.22,1.02,0.14,0.16,0.14,3.86,11.79,27.74,42.16,0.65,0.77
01-Apr-82,1.45,1.05,0.14,0.16,0.14,3.99,11.48,27.38,41.92,0.44,0.95
01-May-82,0.71,1.06,0.14,0.16,0.14,4.03,11.2,27.29,42.04,0.5,0.74
01-Jun-82,0.71,1.12,0.14,0.16,0.14,3.98,11.67,27.71,42.58,0.46,0.89
01-Jul-82,0.7,1.15,0.15,0.16,0.15,4.07,11.97,28.22,43.16,0.73,1.03
01-Aug-82,1.4,1.15,0.14,0.16,0.14,4,12.34,28.38,43.53,0.3,0.95
01-Sep-82,1.38,1.15,0.13,0.16,0.13,3.71,12.76,29.26,44.85,0.6,1.36
01-Oct-82,1.36,1.16,0.12,0.16,0.12,3.69,12.25,30.12,45.14,0.25,1.09
01-Nov-82,1.34,1.14,0.12,0.15,0.12,3.83,13.09,30.6,46.4,0.91,1.26
01-Dec-82,0,1.09,0.11,0.14,0.11,3.65,13.15,31.36,47.06,0.49,1.17
01-Jan-83,0.66,1.07,0.11,0.13,0.11,3.67,13.34,31.46,47.88,0.9,1.18
01-Feb-83,1.97,1.1,0.11,0.1,0.11,3.71,13.16,31.64,48.39,1.13,1.48
01-Mar-83,0.65,1.09,0.12,0.1,0.12,3.89,13.87,33.02,49.72,0.5,1.43
01-Apr-83,1.28,1.09,0.12,0.11,0.12,3.87,14.11,32.27,50.4,0.73,1.49
01-May-83,0.63,1.08,0.12,0.11,0.12,3.92,14.76,34.42,51.32,0.44,1.32
01-Jun-83,0,1.09,0.13,0.13,0.13,3.89,15.55,34.67,51.92,0.45,1.11
01-Jul-83,1.26,1.1,0.13,0.14,0.13,3.94,15.01,34.91,51.9,0.59,1.44
01-Aug-83,1.24,1.12,0.13,0.15,0.13,3.89,15.19,35.06,52.18,1.03,1.05
01-Sep-83,0.61,1.11,0.13,0.15,0.13,4.04,16.76,37.05,53.87,0.92,1.2
01-Oct-83,0.61,1.13,0.13,0.15,0.13,4.02,16.68,36.68,53.38,0.49,0.95
01-Nov-83,1.21,1.19,0.14,0.16,0.14,4.16,17.16,37.37,54.29,0.66,1.19
01-Dec-83,0,1.22,0.14,0.18,0.14,4.16,18.1,38.46,54.78,0.82,0.84
01-Jan-84,0.6,1.26,0.14,0.18,0.14,4.14,18.85,38.9,55.67,0.92,1.05
01-Feb-84,1.19,1.23,0.14,0.18,0.14,4.18,19.06,39.32,56.21,0.9,1
01-Mar-84,1.18,1.22,0.14,0.18,0.14,4.32,19.52,39.61,56.78,0.62,1.07
01-Apr-84,1.74,1.25,0.14,0.18,0.14,4.39,20.24,40.63,57.91,0.58,1.02
01-May-84,1.14,1.28,0.15,0.18,0.15,4.49,20.29,41.11,58.56,0.65,1.09
01-Jun-84,0.56,1.31,0.15,0.18,0.15,4.48,20.9,41.48,59.2,0.57,1.11
01-Jul-84,1.12,1.51,0.15,0.19,0.15,4.49,21.14,42.6,60.08,0.7,1.13
01-Aug-84,1.11,1.57,0.16,0.22,0.16,4.51,21.68,43.2,60.41,0.65,0.91
01-Sep-84,0.55,1.66,0.17,0.22,0.17,4.62,22.49,45.29,62.11,0.53,1.15
01-Oct-84,1.64,1.77,0.16,0.22,0.16,4.59,23.01,46.31,63.07,0.29,1.25
01-Nov-84,1.08,1.8,0.16,0.21,0.16,4.87,24.19,47.67,64.78,0.56,1.21
01-Dec-84,0.53,1.9,0.16,0.21,0.16,4.81,24.19,47.82,64.63,0.24,1.18
01-Jan-85,1.06,2.16,0.17,0.22,0.17,4.71,24.67,48.08,64.91,0.6,1.11
01-Feb-85,3.66,1.98,0.17,0.22,0.17,4.7,24.98,48.53,65.64,0.49,1.51
01-Mar-85,0,1.99,0.17,0.22,0.17,4.78,25.02,49.12,66.18,0.33,1.6
01-Apr-85,2.53,1.94,0.17,0.21,0.17,4.74,24.91,49.19,66.81,0.49,1.3
01-May-85,0.99,1.99,0.16,0.2,0.16,4.82,24.88,50.02,67.75,0.36,1.42
01-Jun-85,1.46,1.98,0.15,0.17,0.15,4.86,25.06,50.48,68.86,0.5,1.49
01-Jul-85,0.48,1.96,0.15,0.16,0.15,4.88,25.4,50.96,69.11,0.36,1.39
01-Aug-85,0.96,2.33,0.16,0.17,0.16,4.96,25.6,51.68,69.92,0.38,1.63
01-Sep-85,1.42,2.54,0.17,0.15,0.17,5.03,23.61,51.94,70.09,0.27,1.28
01-Oct-85,1.4,2.61,0.17,0.14,0.17,5.01,22.16,52.96,71.09,0.37,1.86
01-Nov-85,1.38,2.66,0.18,0.13,0.18,5.34,21.76,52.82,71.36,0.32,1.66
01-Dec-85,1.82,2.7,0.18,0.13,0.18,5.42,22.42,54.58,72.55,0.31,1.87
01-Jan-86,3.13,2.36,0.18,0.12,0.18,5.2,21.52,52.98,71.79,0.59,1.19
01-Feb-86,0.87,2.09,0.17,0.12,0.17,5.27,22.01,54.71,74.22,0.65,1.38
01-Mar-86,1.29,2.04,0.17,0.12,0.17,5.53,22.35,54.02,73.52,0.37,1.3
01-Apr-86,1.69,2.05,0.17,0.11,0.17,5.12,22.43,54.23,74.64,0.31,1.39
01-May-86,0,2.19,0.17,0.11,0.17,5.24,21.97,54.46,75.01,0.26,1.68
01-Jun-86,1.25,2.54,0.17,0.11,0.17,5.18,24.12,54.67,75.65,0.28,1.61
01-Jul-86,2.06,2.56,0.16,0.11,0.16,5.34,23.63,54.55,75.61,0.34,1.28
01-Aug-86,1.21,2.61,0.15,0.1,0.15,5.31,23.84,54.74,76.64,0.47,1.39
01-Sep-86,1.99,2.31,0.15,0.09,0.15,5.34,24.23,55.25,77.66,0.75,1.54
01-Oct-86,1.17,2.25,0.16,0.09,0.16,5.39,24.51,56,78.46,0.79,1.69
01-Nov-86,1.16,2.25,0.16,0.09,0.16,5.67,24.46,56.19,78.57,0.62,1.64
01-Dec-86,1.15,2.23,0.15,0.08,0.15,5.77,25.29,56.92,79.31,0.37,1.65
01-Jan-87,1.13,2.1,0.15,0.09,0.15,5.47,25.06,55.31,77.55,0.75,1.29
01-Feb-87,1.49,2.08,0.15,0.09,0.15,5.46,26.01,56.6,79.59,1.07,1.82
01-Mar-87,1.47,2.07,0.15,0.09,0.15,5.68,26.85,57.13,80.95,1.06,1.63
01-Apr-87,1.45,2.02,0.15,0.09,0.15,5.83,27.79,58.4,82,0.97,1.46
01-May-87,0.71,2.01,0.16,0.09,0.16,6.01,27.5,58.84,82.26,0.94,1.32
01-Jun-87,1.06,2.02,0.16,0.09,0.16,5.9,28.33,59.13,83.29,0.76,1.36
01-Jul-87,0.7,2.06,0.16,0.09,0.16,6.07,28.9,59.59,84.52,0.87,1.5
01-Aug-87,1.74,2.08,0.15,0.09,0.15,6.1,28.84,60.09,85.07,0.87,1.31
01-Sep-87,1.37,2.05,0.15,NaN,0.15,6.24,30.39,62.79,88.47,0.73,1.39
01-Oct-87,1.01,2.05,0.15,0.09,0.15,6.34,30.46,64.62,89.28,0.85,1.32
01-Nov-87,1,1.97,0.15,0.09,0.15,6.71,32.21,67.64,92.29,0.63,1.5
01-Dec-87,0.66,1.95,0.15,0.09,0.15,6.81,34.4,69.46,93.29,0.64,1.17
01-Jan-88,0.66,1.98,0.16,0.09,0.16,6.59,34.33,69.97,93.56,0.66,1.23
01-Feb-88,0.65,2.05,0.17,0.1,0.17,6.83,34.23,71.94,95.68,0.58,1.17
01-Mar-88,1.62,2.13,0.17,0.1,0.17,7.45,37.03,75.61,99.55,0.47,1.14
01-Apr-88,0.96,2.14,0.16,0.11,0.16,7.21,36.21,75.38,99.16,0.45,1.07
01-May-88,0.95,2.21,0.16,0.12,0.16,7.43,36.38,76.97,101.23,0.56,1.16
01-Jun-88,0.31,2.27,0.16,0.12,0.16,7.41,38.9,78.92,103.96,0.74,1.07
01-Jul-88,1.25,2.4,0.16,0.12,0.16,7.61,37.23,78.62,104.98,0.57,1.22
01-Aug-88,1.23,2.45,0.16,0.13,0.16,8.29,37.84,82.51,108.57,0.51,1.23
01-Sep-88,1.22,2.46,0.16,0.13,0.16,8.62,39.43,86.33,112.32,0.6,1.22
01-Oct-88,1.2,2.47,0.16,0.13,0.16,8.62,40.34,87.43,113.82,0.66,1.13
01-Nov-88,0.89,2.39,0.17,0.15,0.17,9.28,40.21,89.36,115.13,0.83,1.08
01-Dec-88,0.88,2.35,0.17,0.15,0.17,9.3,42.36,93.94,118.75,0.78,1.45
01-Jan-89,1.46,2.38,0.17,0.15,0.17,8.93,39.56,93.14,118.84,0.77,1.09
01-Feb-89,0.86,2.46,0.17,0.15,0.17,9.1,40.68,95.74,121.56,0.77,1.13
01-Mar-89,1.71,2.54,0.17,0.16,0.17,9.89,44.19,100.88,125.98,0.57,1.4
01-Apr-89,1.4,2.55,0.17,0.16,0.17,9.74,41.24,98.89,123.72,0.57,1.15
01-May-89,1.39,2.67,0.17,0.17,0.17,10.23,42.53,99.88,127.76,0.53,0.99
01-Jun-89,1.09,2.78,0.17,0.17,0.17,10.05,43.73,102.37,131.18,0.57,1.21
01-Jul-89,1.08,2.69,0.17,0.17,0.17,10.26,40.86,103.3,132.48,0.66,1.2
01-Aug-89,1.34,2.72,0.17,0.17,0.17,10.47,44,106.86,136.27,0.73,1.19
01-Sep-89,0.79,2.79,0.17,0.17,0.17,10.53,44.43,109.69,137.99,0.81,1.29
01-Oct-89,0.79,2.67,0.17,0.18,0.17,10.73,47.41,113.74,141.6,0.87,1.25
01-Nov-89,1.3,2.63,0.17,0.18,0.17,11.37,47.47,115.65,142.22,0.94,1.34
01-Dec-89,1.28,2.57,0.16,0.18,0.16,12.06,46.42,119.02,145.27,0.96,1.45
01-Jan-90,1.27,2.55,0.15,0.18,0.15,10.92,50.07,119.45,147,1.09,1.23
01-Feb-90,0.75,2.54,0.16,0.18,0.16,10.9,48.75,121.16,147.5,1.01,1.46
01-Mar-90,1.49,2.62,0.16,0.18,0.16,11.64,52.17,124.2,151.37,1.04,1.29
01-Apr-90,0.98,2.66,0.16,0.18,0.16,11.56,49.68,122.73,151.15,0.86,1.19
01-May-90,0.97,2.65,0.16,0.18,0.16,11.83,48.98,123.46,152.42,0.88,1.23
01-Jun-90,0.72,2.66,0.17,0.18,0.17,11.74,50.17,122.87,152.82,0.86,1.33
01-Jul-90,0.71,2.63,0.16,0.18,0.16,11.92,46.46,121.55,152.91,0.9,1.11
01-Aug-90,1.65,2.57,0.16,0.18,0.16,11.91,47.62,124.07,154.89,1.07,1.2
01-Sep-90,1.63,2.57,0.16,0.17,0.16,12.11,47.03,124,155.37,0.98,1.23
01-Oct-90,0.69,2.54,0.17,0.18,0.17,12.24,47.19,125.42,155.94,1.17,1.36
01-Nov-90,2.05,2.52,0.16,0.18,0.16,12.79,50.78,130.3,160.68,1.23,1.29
01-Dec-90,0.67,2.54,0.16,0.17,0.16,13.33,53.42,134.24,162.65,1.01,1.55
01-Jan-91,1.11,2.56,0.16,0.17,0.16,12.26,50.33,133.08,161.4,1.17,0.95
01-Feb-91,1.31,2.54,0.16,0.17,0.16,12.56,56.98,141.9,170.42,1.17,1.43
01-Mar-91,0.86,2.66,0.16,0.17,0.16,12.97,56.57,144.49,172.74,1.13,1.2
01-Apr-91,1.5,2.73,0.16,0.17,0.16,12.65,54.97,143.24,172.11,0.95,1.27
01-May-91,1.48,2.8,0.16,0.17,0.16,12.48,57.37,147.02,176.07,0.98,1.34
01-Jun-91,0.62,2.86,0.16,0.17,0.16,11.96,57.89,147.71,176.81,0.86,1.17
01-Jul-91,1.24,2.88,0.16,0.17,0.16,12.1,57.87,147.68,174.23,0.83,1.06
01-Aug-91,1.43,2.87,0.17,0.17,0.17,11.98,59.43,150.14,177.28,0.89,1.31
01-Sep-91,1.41,2.83,0.17,0.17,0.17,12.14,58.07,151.99,179.1,0.94,1.15
01-Oct-91,1.79,2.83,0.17,0.16,0.17,12.13,58.47,152.18,179.86,0.97,1.5
01-Nov-91,0.97,2.79,0.17,0.16,0.17,12.64,62.48,157.38,183.16,1.14,1.38
01-Dec-91,1.54,2.77,0.17,0.16,0.17,13.3,60.91,155.36,182.62,0.9,1.25
01-Jan-92,0.95,2.78,0.17,0.16,0.17,11.95,58.1,154.97,183.92,1.27,1.08
01-Feb-92,0.94,2.82,0.17,0.16,0.17,12,61.64,157.76,187.71,1.28,1.41
01-Mar-92,0.75,2.88,0.16,0.15,0.16,12.63,64.18,161.1,188.28,1.06,1.31
01-Apr-92,1.3,2.88,0.16,0.15,0.16,12.65,61.06,164.97,190.48,1.33,1.22
01-May-92,0.73,2.85,0.16,0.14,0.16,13.02,60.76,163.25,187.7,1.61,1.37
01-Jun-92,1.09,2.81,0.16,0.14,0.16,12.75,63.95,164.79,189.54,1.57,1.23
01-Jul-92,0.9,2.76,0.15,0.13,0.15,13.99,63.81,167.06,191.06,1.92,1.54
01-Aug-92,1.07,2.76,0.14,0.13,0.14,13.97,68.3,168.99,192.27,2.15,1.29
01-Sep-92,0.7,2.8,0.14,0.12,0.14,14.39,71.52,171.41,194.73,1.73,1.06
01-Oct-92,0.17,2.89,0.14,0.12,0.14,14.46,70.25,170.85,195.43,1.7,0.96
01-Nov-92,0.52,3,0.15,0.12,0.15,15.65,72.25,173.89,199.03,1.38,0.87
01-Dec-92,0,3.01,0.15,0.12,0.15,15.66,71.57,172.21,197.22,0.99,1.18
01-Jan-93,1.04,3.07,0.15,0.12,0.15,14.71,66.47,167.47,193.73,0.89,1.22
01-Feb-93,0.34,3.12,0.14,0.11,0.14,14.43,70.35,168.69,197.43,0.88,0.94
01-Mar-93,1.37,3.18,0.14,0.11,0.14,15.57,70.84,169.31,198.96,0.72,1.05
01-Apr-93,2.7,3.17,0.15,0.11,0.15,14.45,71.25,168.42,197,0.89,1.43
01-May-93,0.33,3.18,0.15,0.12,0.15,14.71,70.31,168.46,196.38,0.73,1.32
01-Jun-93,0.49,3.24,0.15,0.12,0.15,14.76,70.99,167.74,195.74,0.59,1.35
01-Jul-93,0.82,3.35,0.14,0.12,0.14,14.81,67.07,167.15,194.74,0.48,1.23
01-Aug-93,0.49,3.37,0.14,0.12,0.14,15,70.73,171.37,200.54,0.52,1.11
01-Sep-93,0.32,3.41,0.13,0.12,0.13,15.12,71.5,173.71,203.06,0.52,1.19
01-Oct-93,0.8,3.39,0.13,0.11,0.13,14.74,69.93,174.91,204.7,0.59,1.15
01-Nov-93,0.16,3.37,0.13,0.1,0.13,15.85,74.18,178.45,210.44,0.59,1.25
01-Dec-93,0.32,3.38,0.12,0.1,0.12,15.27,76.4,178.96,210.99,1.02,1.29
01-Jan-94,1.43,3.41,0.12,0.1,0.12,15.31,77.83,179,211.76,1.04,1.13
01-Feb-94,0.31,3.45,0.13,0.1,0.13,15.28,83.18,189.33,219.85,0.96,1.08
01-Mar-94,0.62,3.46,0.13,0.1,0.13,16.72,84.61,193.01,224.06,0.59,1.29
01-Apr-94,0.62,3.58,0.13,0.1,0.13,17.31,86.04,192.24,222.29,0.53,1.12
01-May-94,0.62,3.63,0.14,0.11,0.14,16.78,91.41,199.77,227.21,0.45,0.98
01-Jun-94,0.61,3.63,0.14,0.11,0.14,16.85,90.3,196.48,224.62,0.47,1.06
01-Jul-94,1.52,3.67,0.15,0.11,0.15,16.92,88.27,199.16,226.94,0.62,1.17
01-Aug-94,1.5,3.6,0.16,0.11,0.16,17.11,89.59,205.01,230.73,0.91,0.96
01-Sep-94,1.18,3.56,0.17,0.11,0.17,17.32,90.16,205.82,232.14,0.96,0.96
01-Oct-94,0.44,3.54,0.17,0.12,0.17,17.53,89.64,208.88,234.97,1.31,1.02
01-Nov-94,0.29,3.53,0.17,0.12,0.17,18.97,92.03,213.93,241.27,1.31,0.98
01-Dec-94,0.29,3.56,0.17,0.12,0.17,18.81,94.54,215.82,244.15,1.69,1.16
01-Jan-95,1.3,3.54,0.17,0.13,0.17,18.24,88.55,208.86,238.86,1.69,1.04
01-Feb-95,0.43,3.56,0.17,0.13,0.17,17.98,93.35,213.36,243.58,1.89,0.94
01-Mar-95,1.13,3.6,0.17,0.13,0.17,20.28,93.39,216.54,250.74,1.83,0.69
01-Apr-95,1.26,3.6,0.17,0.13,0.17,20.5,94.15,222.26,255.02,1.24,1.22
01-May-95,0.42,3.66,0.17,0.14,0.17,20.74,98.09,230.27,262.55,1.88,0.92
01-Jun-95,-0.14,3.66,0.17,0.14,0.17,20.75,98.09,227.73,262.99,1.79,1.06
01-Jul-95,0.55,3.64,0.17,0.14,0.17,21.23,95.36,225.9,263.58,1.73,0.97
01-Aug-95,0.27,3.64,0.16,0.14,0.16,21.35,97.8,226.03,265.54,1.65,0.83
01-Sep-95,0.14,3.66,0.15,0.14,0.15,21.72,101.6,229.46,269.43,1.66,1.13
01-Oct-95,0.27,3.65,0.15,0.14,0.15,22.2,98.34,229.25,268.26,1.76,0.78
01-Nov-95,0.27,3.65,0.14,0.14,0.14,23,104.61,236.73,274.45,2.19,0.88
01-Dec-95,0.82,3.66,0.15,0.14,0.15,24.63,112.75,245.72,281.16,2.82,0.92
01-Jan-96,1.21,3.64,0.14,0.14,0.14,21.94,111.99,244.02,279.64,2.62,0.82
01-Feb-96,0.13,3.74,0.14,0.14,0.14,22.59,121.38,256.44,291.69,2.1,0.94
01-Mar-96,0.8,3.93,0.15,0.14,0.15,22.96,127.74,265.16,299.34,1.82,0.81
01-Apr-96,0.66,4.21,0.16,0.14,0.16,23.75,125.97,264.78,299.03,1.04,0.99
01-May-96,0.66,4.37,0.17,0.16,0.17,23.76,127.7,269.93,304.78,0.88,0.85
01-Jun-96,0.91,4.35,0.16,0.16,0.16,23.84,132.77,276.84,312.72,1.07,0.94
01-Jul-96,0.78,4.4,0.15,0.15,0.15,24.65,130.84,277.15,312.84,0.86,1.13
01-Aug-96,0.51,4.53,0.16,0.16,0.16,24.16,137.14,281.77,317.93,0.85,0.92
01-Sep-96,1.02,4.5,0.15,0.15,0.15,24.71,142.34,283.33,320.31,0.9,0.93
01-Oct-96,0.88,4.58,0.16,0.15,0.16,25.31,146.14,286.97,324.31,0.87,1.23
01-Nov-96,0.38,4.66,0.16,0.15,0.16,26.35,148.34,289.76,326.27,1.09,0.96
01-Dec-96,1,4.69,0.16,0.16,0.16,27.66,156.06,295.31,330.45,0.94,1.11
01-Jan-97,1.23,4.64,0.16,0.16,0.16,24.78,149.66,295.62,332.06,1.37,0.92
01-Feb-97,0.61,4.46,0.15,0.16,0.15,25.51,154.86,303.04,340.28,1.61,0.55
01-Mar-97,0.61,4.43,0.15,0.16,0.15,26.87,163.38,313.69,350.39,1.82,1.09
01-Apr-97,0.84,4.44,0.15,0.16,0.15,27.27,154.06,309.47,348.62,2.05,0.7
01-May-97,0.36,4.47,0.15,0.16,0.15,26.42,154.71,316.59,355.21,3.7,1.06
01-Jun-97,0.24,4.5,0.15,0.15,0.15,26.22,159.47,316.43,356.32,4.24,1.3
01-Jul-97,1.07,4.56,0.14,0.15,0.14,27.02,159.38,317.29,358.78,4.25,1.02
01-Aug-97,0.12,4.69,0.14,0.15,0.14,26.93,166.66,324.57,365.3,4.35,0.98
01-Sep-97,0.47,4.69,0.14,0.15,0.14,27.99,180.58,338.25,378.27,4.52,0.94
01-Oct-97,0.47,4.71,0.14,0.15,0.14,28.07,181.86,343.15,381.65,4.6,1.01
01-Nov-97,-0.35,4.84,0.15,0.15,0.15,29.24,183.2,347.94,385.89,4.4,0.89
01-Dec-97,0.35,4.87,0.14,0.15,0.14,30.83,182.37,350.7,387.63,4.8,1.06
01-Jan-98,0.81,4.94,0.14,0.14,0.14,28.21,184.37,351.47,389.96,4.53,0.94
01-Feb-98,0.23,4.93,0.13,0.14,0.13,28.37,192.79,363.41,404.07,5.2,0.92
01-Mar-98,0.69,4.97,0.13,0.13,0.13,30.09,190.29,361.31,403.39,5.45,0.86
01-Apr-98,0.46,5.05,0.13,0.13,0.13,29.8,194.04,366.5,409.59,5.39,0.77
01-May-98,0.46,5.09,0.13,0.13,0.13,29.21,192.99,366.49,409.39,5.29,1.06
01-Jun-98,0.34,5.39,0.15,0.16,0.15,29.88,208,375.75,416.8,4.61,0.98
01-Jul-98,2.37,6.23,0.16,0.19,0.16,29.89,210.39,375.14,414.64,4.26,0.87
01-Aug-98,1.1,6.32,0.17,0.2,0.17,30.5,225,385.08,422.31,4.05,0.71
01-Sep-98,1.74,6.1,0.18,0.22,0.18,30.83,226.26,387.35,426.91,4.14,0.93
01-Oct-98,0.43,5.8,0.17,0.19,0.17,30.45,216.12,378.17,423,4.33,0.86
01-Nov-98,0,5.65,0.16,0.18,0.16,32.2,223.04,389.01,434.34,4.36,0.93
01-Dec-98,0,5.9,0.16,0.17,0.16,33.21,222.98,393.81,439.48,4.36,1.07
01-Jan-99,0.75,5.99,0.16,0.16,0.16,30.33,220.59,388.96,434,4.35,0.99
01-Feb-99,0,6.11,0.15,0.16,0.15,30.86,216.24,379.84,427.56,4.27,1
01-Mar-99,0,6.21,0.15,0.15,0.15,33.45,227.87,391.46,441.29,4.3,1.06
01-Apr-99,0.21,6.12,0.15,0.14,0.15,32.49,224.36,395.32,439.67,4.51,0.97
01-May-99,-0.11,6.18,0.15,0.14,0.15,32.37,225.18,396.82,439.73,4.54,1.09
01-Jun-99,0.53,6.09,0.15,0.13,0.15,32.75,232.69,407.88,451.14,4.86,1.07
01-Jul-99,0.11,6.12,0.15,0.12,0.15,33.29,227.92,407.54,448,4.87,1.05
01-Aug-99,-0.42,6.13,0.15,0.12,0.15,34.53,237.66,413.5,449.04,5.23,0.82
01-Sep-99,0.42,6.06,0.15,0.11,0.15,35.02,241.18,427.41,464.77,5.48,1
01-Oct-99,0.21,6.1,0.15,0.11,0.15,34.8,247.8,426.66,464.47,6.19,0.95
01-Nov-99,0.21,6.14,0.14,0.11,0.14,36.7,267.13,440.28,478.35,6.58,0.88
01-Dec-99,0.31,6.15,0.14,0.11,0.14,40.78,269.32,446.94,485.42,6.35,1.18
01-Jan-00,1.15,6.13,0.13,0.1,0.13,34.13,257.34,438.79,476.77,6.34,1.05
01-Feb-00,-0.31,6.32,0.14,0.1,0.14,34.72,266.71,443.53,483.46,6.36,1.03
01-Mar-00,1.04,6.47,0.14,0.1,0.14,35.98,262.68,438.95,481.48,6.38,1.02
01-Apr-00,1.33,6.65,0.14,0.1,0.14,36.96,264.7,440.73,483,6.33,1.1
01-May-00,0.4,7.02,0.15,0.1,0.15,35.31,259.33,437.78,480.37,6.31,1.02
01-Jun-00,0.6,6.91,0.14,0.1,0.14,35.79,265.95,441.07,485.21,6.51,1.11
01-Jul-00,0.9,6.9,0.14,0.1,0.14,36.39,253.27,433.2,476.62,6.24,0.93
01-Aug-00,0.4,6.96,0.14,0.1,0.14,36.41,255.14,439.8,487.02,6.06,0.95
01-Sep-00,0.49,7.18,0.14,0.1,0.14,36.96,268.08,452.47,502.01,6.11,0.9
01-Oct-00,0.29,7.49,0.14,0.1,0.14,37.74,264,450.46,498.98,6.09,0.97
01-Nov-00,0.2,7.69,0.13,0.1,0.13,39.72,266.58,461.18,506.02,6.09,0.72
01-Dec-00,0.29,7.64,0.13,0.1,0.13,43.04,274.36,474.85,520.67,6.08,1.51
01-Jan-01,1.27,7.78,0.13,0.1,0.13,37.49,272.43,474.21,522.08,6.05,1.07
01-Feb-01,0.29,7.82,0.12,0.1,0.12,38.12,274.21,483.02,531.79,6.1,1.04
01-Mar-01,0.67,7.9,0.12,0.1,0.12,38.66,275.41,491.46,542.66,6.15,1.2
01-Apr-01,0.48,8.08,0.12,0.1,0.12,39.91,281.72,490.9,542.47,6.11,1.12
01-May-01,0.38,7.98,0.12,0.1,0.12,39.27,281.69,491.57,546.57,6.06,0.99
01-Jun-01,0.47,8.06,0.11,0.1,0.11,39.76,288.34,492.77,555.3,6.06,1.25
01-Jul-01,-0.09,8.21,0.11,0.1,0.11,40.47,289.15,497.93,562.74,6.06,1.1
01-Aug-01,-0.19,8.31,0.11,0.09,0.11,40.58,299.55,513.46,578.1,6.04,0.93
01-Sep-01,0.28,8.68,0.11,0.09,0.11,42.63,295.85,508.21,577.69,5.98,0.93
01-Oct-01,-0.09,9.28,0.11,0.09,0.11,43.05,295.87,510.37,576.88,6.11,0.84
01-Nov-01,0.47,9.74,0.1,0.09,0.1,46.01,308.64,522.81,592.02,6.11,0.93
01-Dec-01,0.56,11.68,0.12,0.09,0.12,48.9,315.56,544.06,606.28,6.05,1.62
01-Jan-02,1.68,11.63,0.12,0.09,0.12,44.61,324.69,560.89,628.65,5.98,0.9
01-Feb-02,1.21,11.49,0.12,0.09,0.12,49.79,335.21,573.54,641.82,6.03,1.07
01-Mar-02,1,11.49,0.13,0.1,0.13,48.89,341.22,585.24,651.32,6,1.11
01-Apr-02,1.7,11.08,0.12,0.11,0.12,48.61,339.96,581.31,653.23,5.96,1.13
01-May-02,0.49,10.16,0.12,0.11,0.12,47.67,350.02,594.43,672.94,5.91,1.11
01-Jun-02,0.85,10.18,0.12,0.11,0.12,49.98,347.03,579.25,665.43,5.96,1.46
01-Jul-02,1.59,10.1,0.11,0.11,0.11,48.51,339.39,574.28,668.83,5.97,1.08
01-Aug-02,0.54,10.59,0.11,0.11,0.11,49.13,348.92,591.81,680.24,6.01,1.17
01-Sep-02,0.88,10.6,0.11,0.12,0.11,52.56,359.31,598.27,684.5,5.97,0.99
01-Oct-02,1.49,10.31,0.11,0.13,0.11,52.01,346.25,607.6,696.02,5.95,1.17
01-Nov-02,1.2,9.65,0.11,0.12,0.11,53.96,352.93,621.42,709.06,5.95,0.98
01-Dec-02,0.12,8.95,0.1,0.12,0.1,55.95,358.25,632.62,715.82,5.9,1.34
01-Jan-03,0.81,8.69,0.1,0.12,0.1,51.92,347.04,639.52,722.17,5.91,1.08
01-Feb-03,-0.11,8.29,0.1,0.13,0.1,51.52,345.22,646.35,730.64,6.07,1.11
01-Mar-03,0.59,8.05,0.1,0.13,0.1,53.03,352.86,651.02,738.2,6.1,1.08
01-Apr-03,0.23,7.66,0.1,0.13,0.1,53.94,346.97,671.31,754.19,5.94,1.01
01-May-03,0,7.66,0.1,0.13,0.1,52.51,335.86,680.41,761.27,5.97,1.16
01-Jun-03,-0.18,7.86,0.09,0.11,0.09,53.07,336.75,684.48,768.37,6.43,1.16
01-Jul-03,-0.51,7.55,0.1,0.11,0.1,53.15,336.41,688.97,772.55,6.47,1.12
01-Aug-03,0.22,7.39,0.1,0.1,0.1,53.64,339.69,690.02,766.7,6.46,1.08
01-Sep-03,-0.68,7.31,0.1,0.09,0.1,56.77,362.07,706.7,784.22,6.5,1.03
01-Oct-03,-0.77,6.96,0.09,0.08,0.09,57.37,359.68,711.11,787.22,6.44,0.97
01-Nov-03,-1.14,6.72,0.09,0.08,0.09,59.51,373.67,721.06,801.09,6.47,0.81
01-Dec-03,-0.09,6.54,0.09,0.07,0.09,62.05,387.79,733.45,808.05,6.5,1.34
01-Jan-04,0.44,6.94,0.09,0.08,0.09,59.1,392.06,734.86,813.82,6.52,0.99
01-Feb-04,0.31,6.75,0.09,0.08,0.09,58.75,415.66,756.77,842.21,6.77,1.12
01-Mar-04,0.47,6.61,0.1,0.08,0.1,61.06,402.24,748.54,844.07,8.27,1.09
01-Apr-04,0.11,6.57,0.1,0.08,0.1,61.92,395.29,750.74,850.49,8.6,0.87
01-May-04,0.01,6.8,0.1,0.08,0.1,61.26,389.09,748.17,845.54,8.87,1
01-Jun-04,0.09,6.42,0.1,0.08,0.1,61.66,403.31,749.02,854.9,9.78,0.91
01-Jul-04,0.2,6.14,0.1,0.08,0.1,62.78,392.5,748.66,857.19,10.24,0.98
01-Aug-04,-0.2,6.47,0.1,0.07,0.1,65,406.99,766.83,873.8,10.41,0.87
01-Sep-04,0.02,6.53,0.09,0.07,0.09,67.41,420.17,790.43,897.12,10.67,0.97
01-Oct-04,0.28,6.38,0.09,0.07,0.09,67.4,415.35,807.54,909.58,11.22,0.8
01-Nov-04,0.59,6.03,0.09,0.07,0.09,70.48,419.87,805.34,913.61,12.61,0.97
01-Dec-04,-0.15,5.72,0.08,0.07,0.08,71.44,421.49,818.74,914.15,13.14,1.1
01-Jan-05,0.31,5.96,0.08,0.07,0.08,70.07,417.54,819.28,919.19,13.44,0.91
01-Feb-05,0.05,6,0.08,0.07,0.08,68.53,433.38,842.01,948.34,13.76,0.98
01-Mar-05,0.61,6.03,0.08,0.07,0.08,72.04,434.15,836.64,947.68,14.15,0.94
01-Apr-05,0.3,6.15,0.08,0.07,0.08,72.38,455.56,870.2,977.95,14.3,1
01-May-05,-0.24,6.33,0.08,0.07,0.08,72.15,446.17,865.83,983.09,15.52,0.9
01-Jun-05,-0.21,6.74,0.08,0.07,0.08,72.72,458.28,876.49,"1,000.89",16.92,1.04
01-Jul-05,0.74,6.7,0.08,0.07,0.08,72.84,463.7,898.05,"1,027.43",17.16,0.95
01-Aug-05,0.17,6.46,0.08,0.07,0.08,73.49,489.83,915.94,"1,039.79",17.22,0.9
01-Sep-05,0.08,6.37,0.08,0.07,0.08,74.55,500.04,928.54,"1,052.86",17.63,0.89
01-Oct-05,0.12,6.59,0.08,0.07,0.08,75.88,491.88,931.98,"1,059.51",17.79,0.82
01-Nov-05,-0.02,6.66,0.08,0.07,0.08,79.99,497.32,937.19,"1,068.70",18.01,0.91
01-Dec-05,0.1,6.35,0.08,0.07,0.08,79.55,503.05,963.52,"1,101.13",18.58,1.15
01-Jan-06,0.38,6.08,0.07,0.07,0.07,77.9,507.64,965.1,"1,105.10",19.87,0.74
01-Feb-06,0.13,6.12,0.07,0.07,0.07,78.7,523.53,"1,000.20","1,152.86",20.36,0.87
01-Mar-06,0.3,6.24,0.07,0.07,0.07,80.36,540.52,"1,032.59","1,205.91",20.61,0.91
01-Apr-06,0.24,6.08,0.07,0.07,0.07,81.56,542.15,"1,026.90","1,207.40",21.76,0.92
01-May-06,0.38,6.31,0.08,0.07,0.08,80.76,544.46,"1,044.16","1,224.09",21.46,0.81
01-Jun-06,0.73,6.97,0.08,0.07,0.08,82.38,558,"1,050.28","1,234.43",21.51,0.89
01-Jul-06,0.69,7.07,0.09,0.07,0.09,83.12,581.41,"1,061.27","1,246.55",21.6,0.82
01-Aug-06,0.69,6.95,0.09,0.08,0.09,83.55,572.26,"1,078.79","1,265.81",21.92,0.87
01-Sep-06,0.25,7.45,0.09,0.08,0.09,87.91,578.69,"1,106.31","1,283.98",22.23,0.99
01-Oct-06,0.53,7.63,0.08,0.08,0.08,86.25,589.06,"1,125.71","1,310.74",22.12,0.75
01-Nov-06,0,7.25,0.08,0.08,0.08,91.31,599.99,"1,146.10","1,341.85",22.85,0.76
01-Dec-06,0.39,7.03,0.08,0.08,0.08,95.95,605.68,"1,156.84","1,349.29",23.06,1.01
01-Jan-07,0.73,7.19,0.08,0.09,0.08,91.08,586.49,"1,133.63","1,348.76",23.63,0.72
01-Feb-07,-0.12,7.18,0.08,0.09,0.08,93.27,633.3,"1,180.29","1,418.09",23.61,0.93
01-Mar-07,0.69,7.35,0.08,0.08,0.08,95.61,647.13,"1,195.13","1,447.35",23.85,0.94
01-Apr-07,0.85,7.1,0.08,0.08,0.08,95.01,645.93,"1,215.18","1,476.28",24.28,0.87
01-May-07,0.46,7.01,0.08,0.09,0.08,94.09,660.82,"1,241.35","1,501.63",25.2,0.94
01-Jun-07,0.71,7.15,0.08,0.09,0.08,98.11,665.87,"1,249.39","1,523.36",25.49,0.89
01-Jul-07,0.86,6.97,0.08,0.09,0.08,96.39,669.36,"1,290.23","1,551.49",26.64,0.82
01-Aug-07,0.64,7.22,0.08,0.09,0.08,97.96,713.23,"1,341.91","1,592.39",27.12,0.82
01-Sep-07,0.57,7.1,0.08,0.09,0.08,98.57,702.67,"1,350.34","1,604.21",27.53,0.9
01-Oct-07,0.92,6.76,0.08,0.1,0.08,98.79,699.54,"1,350.48","1,617.32",28.59,0.73
01-Nov-07,0.31,6.7,0.08,0.1,0.08,104.41,732.33,"1,382.34","1,652.86",29.14,0.98
01-Dec-07,0.71,6.84,0.08,0.1,0.08,110.99,739.06,"1,393.53","1,668.32",29.59,0.97
01-Jan-08,1.39,7,0.08,0.1,0.08,103,769.03,"1,377.36","1,678.62",29.88,0.79
01-Feb-08,0.5,7.66,0.09,0.1,0.09,106.11,769.15,"1,393.23","1,709.62",30.3,0.89
01-Mar-08,1.32,7.99,0.09,0.1,0.09,108.04,747.05,"1,430.26","1,743.01",30.62,0.91
01-Apr-08,0.65,7.76,0.09,0.1,0.09,109.89,710.74,"1,457.42","1,782.60",30.76,0.85
01-May-08,0.81,7.61,0.1,0.11,0.1,107.35,742.07,"1,481.68","1,811.03",30.83,0.97
01-Jun-08,1.45,7.94,0.1,0.11,0.1,109.59,761.17,"1,474.11","1,825.36",31.1,1
01-Jul-08,1.43,7.61,0.1,0.11,0.1,109.1,735.13,"1,483.91","1,847.11",31.3,0.82
01-Aug-08,0.63,7.67,0.09,0.11,0.09,112.35,743.44,"1,481.96","1,851.17",30.97,0.98
01-Sep-08,0.62,8.08,0.09,0.11,0.09,113.85,752.95,"1,505.69","1,866.56",30.83,1
01-Oct-08,0.31,9.78,0.09,0.11,0.09,115.14,754.06,"1,522.79","1,888.86",29.93,0.91
01-Nov-08,0,10.11,0.09,0.11,0.09,118.31,771.45,"1,564.91","1,941.69",29.94,0.89
01-Dec-08,-0.15,9.92,0.08,0.11,0.08,119.64,753.63,"1,561.61","1,914.20",30.58,0.97
01-Jan-09,0.62,9.91,0.08,0.11,0.08,116.11,722.83,"1,565.87","1,912.59",30.01,0.68
01-Feb-09,0.92,9.98,0.08,0.09,0.08,116.02,723.83,"1,577.28","1,927.09",29.93,0.99
01-Mar-09,1.52,9.95,0.08,0.09,0.08,116.84,731.84,"1,573.45","1,927.34",30.38,0.99
01-Apr-09,0.45,8.96,0.09,0.08,0.09,119.58,744.65,"1,573.59","1,933.86",30.48,0.97
01-May-09,0.3,8.37,0.09,0.08,0.09,117.84,767.84,"1,595.65","1,952.27",31.9,1.05
01-Jun-09,0.3,8.03,0.09,0.07,0.09,118.36,772.14,"1,545.71","1,936.12",31.95,1.08
01-Jul-09,1.04,7.94,0.09,0.07,0.09,119.24,763.2,"1,539.52","1,952.32",31.96,1.01
01-Aug-09,0.29,7.94,0.09,0.07,0.09,118.64,779.6,"1,553.43","1,952.80",34.12,0.95
01-Sep-09,0.29,7.5,0.09,0.07,0.09,118.22,761.73,"1,543.16","1,941.26",35.09,1.09
01-Oct-09,0,7.49,0.09,0.07,0.09,120.46,765.57,"1,536.02","1,939.28",35.57,0.87
01-Nov-09,0,7.51,0.09,0.07,0.09,124.33,790.89,"1,548.65","1,953.02",35.75,0.95
01-Dec-09,0.29,7.48,0.09,0.07,0.09,126.88,805.93,"1,587.95","1,947.91",35.24,1.09
01-Jan-10,0.29,7.46,0.09,0.07,0.09,123.4,796.6,"1,568.91","1,923.96",35.09,1.01
01-Feb-10,0.58,7.67,0.09,0.07,0.09,121.57,796.34,"1,565.55","1,937.51",34.95,0.97
01-Mar-10,0.86,7.41,0.09,0.07,0.09,131.28,815.67,"1,577.11","1,957.17",37.5,1.06
01-Apr-10,0,7.34,0.09,0.07,0.09,126.32,809.95,"1,580.57","1,966.07",37.59,1.03
01-May-10,0.29,7.65,0.09,0.07,0.09,127.39,822.08,"1,579.30","1,979.53",37.04,1.08
01-Jun-10,0,7.64,0.09,0.07,0.09,125.74,822.95,"1,550.37","1,982.65",37.2,1.19
01-Jul-10,0.57,7.52,0.09,0.06,0.09,129.57,831.7,"1,582.75","2,024.76",38.4,1.11
01-Aug-10,0.14,7.29,0.08,0.06,0.08,127.44,832.72,"1,594.56","2,038.39",38.12,0.99
01-Sep-10,0.14,7.11,0.08,0.06,0.08,128.73,846.66,"1,588.48","2,039.93",38.76,1.16
01-Oct-10,0.14,6.91,0.08,0.06,0.08,128.79,842.75,"1,596.82","2,062.55",38.75,1.09
01-Nov-10,0.14,6.97,0.08,0.06,0.08,133.88,881.12,"1,659.05","2,094.21",37.83,1.16
01-Dec-10,0.14,6.82,0.08,0.06,0.08,136,862.41,"1,677.21","2,082.98",38.18,1.33
01-Jan-11,0.56,6.92,0.09,0.06,0.09,131.4,863.22,"1,674.64","2,082.65",40.13,0.99
01-Feb-11,0.56,7.18,0.09,0.06,0.09,130.49,861.34,"1,653.75","2,084.84",41.64,1.06
01-Mar-11,1.25,6.9,0.09,0.06,0.09,135.23,883.35,"1,650.77","2,086.05",43.51,1.1
01-Apr-11,0.27,6.72,0.09,0.05,0.09,138.17,887.22,"1,656.92","2,085.01",44.43,1.07
01-May-11,0.55,6.86,0.09,0.05,0.09,134.19,880.28,"1,666.61","2,102.17",43.97,1.04
01-Jun-11,0.54,6.79,0.09,0.05,0.09,140.78,885,"1,646.47","2,103.34",43.98,1.19
01-Jul-11,0.81,6.79,0.09,0.05,0.09,138.4,899.61,"1,670.19","2,139.20",43.61,1.05
01-Aug-11,0,7.09,0.08,0.05,0.08,140.72,893.36,"1,693.48","2,166.29",44.11,1.02
01-Sep-11,0.54,7.58,0.08,0.05,0.08,145.97,903.72,"1,721.64","2,179.71",43.21,1.13
01-Oct-11,0.67,7.95,0.08,0.05,0.08,144.18,918.91,"1,740.14","2,213.49",43.26,0.95
01-Nov-11,0.13,8.15,0.08,0.05,0.08,149.74,942.36,"1,757.76","2,246.95",42.76,0.98
01-Dec-11,0.26,8.19,0.09,0.05,0.09,158.67,947.27,"1,798.93","2,256.73",42.6,1.17
01-Jan-12,0.53,8,0.08,0.05,0.08,150.38,950.44,"1,785.34","2,222.11",44.47,0.86
01-Feb-12,0.53,7.64,0.08,0.06,0.08,151.44,943.26,"1,767.50","2,207.56",44.71,1.01
01-Mar-12,1.05,7.61,0.08,0.06,0.08,154.02,964.04,"1,799.38","2,224.73",43.98,1.02
01-Apr-12,0.52,7.83,0.08,0.06,0.08,154.12,934.18,"1,777.04","2,213.43",43.28,0.94
01-May-12,0,8.15,0.08,0.06,0.08,152.12,955.41,"1,781.53","2,237.43",42.63,0.96
01-Jun-12,0.39,8.38,0.08,0.06,0.08,153.94,954.23,"1,769.16","2,250.56",42.92,1.03
01-Jul-12,0.13,8.25,0.08,0.05,0.08,153.64,987.67,"1,802.93","2,316.05",42.87,0.98
01-Aug-12,0.38,8.26,0.07,0.05,0.07,157.12,992.92,"1,820.82","2,334.99",43.32,0.93
01-Sep-12,0.77,8.26,0.07,0.05,0.07,159.23,"1,005.77","1,831.45","2,344.15",43.85,0.9
01-Oct-12,0.76,8.64,0.08,0.05,0.08,161.43,"1,002.02","1,812.95","2,339.57",43.75,0.82
01-Nov-12,0.25,8.8,0.08,0.05,0.08,169.37,"1,033.10","1,872.96","2,387.55",43.85,1.01
01-Dec-12,0.38,8.61,0.07,0.05,0.07,176.85,"1,035.14","1,869.05","2,373.44",44,1.05
01-Jan-13,0.25,8.8,0.07,0.05,0.07,164.76,"1,024.60","1,861.75","2,372.04",44.49,0.78
01-Feb-13,0.87,8.88,0.07,0.05,0.07,164.14,"1,024.51","1,869.04","2,373.34",43.98,0.97
01-Mar-13,1.23,9.19,0.07,0.05,0.07,170.2,"1,048.66","1,900.81","2,404.17",43.57,0.99
01-Apr-13,0.24,9.1,0.07,0.05,0.07,169.61,"1,059.04","1,912.46","2,434.42",44.6,0.89
01-May-13,-0.24,9.35,0.07,0.05,0.07,170.52,"1,065.19","1,915.82","2,455.49",42.5,0.96
01-Jun-13,0.37,10,0.08,0.05,0.08,169.47,"1,103.21","1,928.90","2,456.97",41.82,0.98
01-Jul-13,0.97,9.91,0.08,0.05,0.08,171.23,"1,116.22","1,954.78","2,486.06",42.18,0.92
01-Aug-13,0.36,10.07,0.08,0.05,0.08,173.78,"1,105.93","1,983.86","2,495.60",42.35,0.88
01-Sep-13,0.48,9.96,0.08,0.05,0.08,176.43,"1,122.26","2,011.34","2,508.31",44.73,0.86
01-Oct-13,0.24,9.9,0.08,0.05,0.08,175.97,"1,121.30","2,013.44","2,505.56",44.91,0.87
01-Nov-13,0.12,10.2,0.08,0.05,0.08,187.57,"1,137.25","2,058.66","2,537.87",44.6,1.01
01-Dec-13,0.24,10.37,0.08,0.05,0.08,193.9,"1,132.04","2,051.31","2,513.87",44.86,1.03
01-Jan-14,0.71,10.89,0.08,0.05,0.08,178.33,"1,120.79","2,058.58","2,522.21",44.42,0.82
01-Feb-14,1.06,10.95,0.09,0.06,0.09,177.85,"1,123.61","2,057.26","2,512.46",44.9,1.01
01-Mar-14,1.28,10.74,0.09,0.06,0.09,181.24,"1,217.29","2,108.16","2,591.10",44.35,0.87
01-Apr-14,0.46,10.54,0.08,0.06,0.08,183,"1,183.67","2,112.21","2,602.27",44.44,0.86
01-May-14,0.34,10.41,0.08,0.06,0.08,179.76,"1,187.80","2,147.11","2,639.60",44.45,0.91
01-Jun-14,0.34,10.68,0.08,0.06,0.08,182.52,"1,201.92","2,116.92","2,632.94",43.48,0.99
01-Jul-14,0.8,10.66,0.08,0.06,0.08,186.35,"1,228.56","2,128.60","2,654.29",44.81,0.93
01-Aug-14,0.23,10.66,0.08,0.06,0.08,190.57,"1,233.97","2,156.68","2,653.24",44.59,0.82
01-Sep-14,0,10.99,0.08,0.06,0.08,190.9,"1,263.08","2,216.32","2,703.39",44.27,0.97
01-Oct-14,0.23,11.06,0.08,0.06,0.08,194.59,"1,227.21","2,218.41","2,704.23",43.97,0.8
01-Nov-14,0,11.09,0.08,0.06,0.08,199.13,"1,299.69","2,260.84","2,746.78",44.01,0.94
01-Dec-14,-0.22,11.5,0.08,0.06,0.08,209.64,"1,242.75","2,228.36","2,696.86",44.27,1.08
01-Jan-15,-0.11,11.55,0.07,0.06,0.07,197.91,"1,239.87","2,225.49","2,707.41",42.53,0.73
01-Feb-15,0.68,11.58,0.07,0.06,0.07,197.81,"1,259.41","2,224.56","2,716.12",42.31,0.9
01-Mar-15,1.23,12.09,0.08,0.06,0.08,203.53,"1,309.18","2,274.81","2,783.44",41.66,1
01-Apr-15,1,11.98,0.08,0.06,0.08,205.43,"1,304.08","2,282.26","2,820.46",42.18,0.98
01-May-15,0.11,11.97,0.08,0.06,0.08,200.1,"1,308.85","2,312.32","2,860.52",41.66,1.06
01-Jun-15,0.55,12.29,0.08,0.06,0.08,203.84,"1,312.16","2,308.18","2,861.75",42.11,1.06
01-Jul-15,0.87,12.46,0.08,0.06,0.08,207.91,"1,346.96","2,375.42","2,923.61",41.45,0.99
01-Aug-15,0.11,12.9,0.08,0.06,0.08,208.99,"1,339.89","2,367.94","2,916.13",41.53,0.9
01-Sep-15,0,13.64,0.08,0.06,0.08,212.77,"1,353.82","2,386.34","2,931.47",41.61,0.99
01-Oct-15,0.22,13.49,0.08,0.06,0.08,212.71,"1,363.97","2,415.20","2,967.04",41.43,0.8
01-Nov-15,0.22,14.14,0.08,0.06,0.08,220.87,"1,436.68","2,448.15","3,002.31",40.88,1.01
01-Dec-15,0.21,15,0.09,0.07,0.09,225.28,"1,427.84","2,441.04","2,975.28",41.62,1.09
01-Jan-16,0.86,16.33,0.1,0.07,0.1,214.93,"1,445.29","2,420.84","2,939.39",40.62,0.8
01-Feb-16,1.38,15.76,0.09,0.07,0.09,215.87,"1,416.19","2,411.09","2,945.96",40.77,0.99
01-Mar-16,0.84,15.38,0.09,0.07,0.09,219.34,"1,490.17","2,459.29","3,023.08",41.8,1.02
01-Apr-16,0.93,14.59,0.09,0.07,0.09,219.65,"1,449.87","2,446.14","3,021.45",41.52,1
01-May-16,0.21,15.33,0.09,0.07,0.09,223.41,"1,436.99","2,431.67","3,031.64",41.06,1.21
01-Jun-16,0.51,15.05,0.09,0.07,0.09,216.4,"1,436.67","2,412.89","3,021.49",40.94,1.13
01-Jul-16,0.82,14.39,0.09,0.07,0.09,221.14,"1,451.77","2,453.69","3,052.49",40.72,1.06
01-Aug-16,-0.1,13.78,0.09,0.07,0.09,218.64,"1,469.58","2,486.21","3,076.05",40.39,0.91
01-Sep-16,0.2,14.03,0.09,0.07,0.09,222.37,"1,465.06","2,509.32","3,095.75",41.84,1.08
01-Oct-16,0.51,13.93,0.09,0.07,0.09,224.47,"1,518.27","2,566.28","3,163.59",41.83,0.96
01-Nov-16,0.3,13.91,0.09,0.07,0.09,231.4,"1,610.13","2,561.80","3,145.14",42.22,0.98
01-Dec-16,0.4,13.84,0.09,0.08,0.09,240.46,"1,606.52","2,600.81","3,156.16",42.57,1.15
01-Jan-17,0.6,13.54,0.09,0.07,0.09,224.07,"1,604.18","2,591.87","3,171.98",41.76,0.88
01-Feb-17,1.09,13.19,0.09,0.07,0.09,224.17,"1,577.98","2,555.40","3,141.09",41.63,1.06
01-Mar-17,0.49,12.92,0.08,0.07,0.09,228.29,"1,603.41","2,584.13","3,192.88",41.55,1.13
01-Apr-17,0.1,13.45,0.09,0.07,0.09,230.47,"1,582.11","2,574.11","3,182.77",41.54,1.06
01-May-17,0.29,13.26,0.09,0.07,0.09,229.24,"1,582.83","2,592.23","3,212.96",42.1,1.08
01-Jun-17,0.19,12.89,0.09,0.07,0.09, NaN , NaN , NaN , NaN ,42.3,1.12
01-Jul-17,0.19,13.15,0.09,0.07,0.09, NaN , NaN , NaN , NaN ,41.64,1.11
01-Aug-17,0.1,13.21,0.09,0.07,0.09, NaN , NaN , NaN , NaN ,41.66,1.06
01-Sep-17,0.48,13.17,0.09,0.07,0.09, NaN , NaN , NaN , NaN ,44.2,1.05
01-Oct-17,0.29,13.7,0.09,0.07,0.09, NaN , NaN , NaN , NaN ,43.77,1.04
01-Nov-17,0.1,14.04,0.1,0.07,0.1, NaN , NaN , NaN , NaN ,45.14,1.13
01-Dec-17,0.48,13.09,0.09,0.08,0.1, NaN , NaN , NaN , NaN ,45.5,1.17
01-Jan-18,0.38,12.2,0.09,0.07,0.09, NaN , NaN , NaN , NaN ,45.09,0.75
01-Feb-18,0.67,11.82,0.09,0.07,0.09, NaN , NaN , NaN , NaN ,44.73,0.99
01-Mar-18,0.38,11.84,0.08,0.07,0.09, NaN , NaN , NaN , NaN ,44.65,1.1
01-Apr-18,0.66,12.11,0.08,0.07,0.08, NaN , NaN , NaN , NaN ,44.25,1.01
01-May-18,0.28,12.54,0.09,0.07,0.09, NaN , NaN , NaN , NaN ,45.9,1.04
01-Jun-18,0.28,13.31,0.09,0.07,0.09, NaN , NaN , NaN , NaN ,45.54,1.12
01-Jul-18,0.84,13.37,0.09,0.07,0.09, NaN , NaN , NaN , NaN ,45.58,0.95
01-Aug-18,-0.09,14.09,0.09,0.07,0.09, NaN , NaN , NaN , NaN ,45,1.08
01-Sep-18,0.46,14.75,0.1,0.07,0.1, NaN , NaN , NaN , NaN ,45.62,0.97
01-Oct-18,0.46,14.49,0.1,0.07,0.1, NaN , NaN , NaN , NaN ,45.27,0.96
01-Nov-18, NaN ,14.09,0.1,0.07,0.1, NaN , NaN , NaN , NaN ,45.75, NaN 
01-Dec-18, NaN ,14.26, NaN , NaN , NaN , NaN , NaN , NaN , NaN , NaN , NaN 
01-Jan-19, NaN ,14.01, NaN , NaN , NaN , NaN , NaN , NaN , NaN , NaN , NaN 
